frequency,monetary,recency
12,77556.46,324
8,5633.32,1
5,2019.4,74
4,4428.69,17
1,334.4,309
1,300.93,374
10,2849.84,35
2,406.76,203
1,1079.4,231
2,947.61,213
6,6373.68,21
3,18287.66,32
5,3887.07,0
10,8935.94,56
8,4252.89,51
4,511.25,286
11,5356.23,2
2,552.0,108
4,1313.1,6
2,641.38,290
1,500.24,632
1,168.9,3
1,917.6999999999999,627
3,1791.15,412
7,4320.31,50
5,4067.38,43
3,1298.04,70
3,1127.65,310
4,2989.2200000000003,24
2,457.5,9
2,503.15,388
4,3426.32,314
2,5416.32,128
4,1620.22,80
11,9676.300000000001,20
5,1845.31,3
5,1850.56,183
2,585.27,27
1,1938.4,378
2,660.8,336
1,143.94,414
8,3901.11,14
3,1433.33,401
1,549.84,78
6,2773.42,20
1,234.75000000000003,590
6,2399.4500000000003,71
2,1272.48,62
15,5067.27,18
1,931.43,673
2,2409.9,34
1,1635.6599999999999,44
7,1962.3,118
1,205.25,413
1,84.3,302
6,1256.9,322
2,1019.36,48
1,63.24,681
1,1710.39,147
5,6390.36,21
5,1708.1200000000001,48
8,4340.7699999999995,31
7,23419.29,77
3,1013.71,307
1,346.9,408
6,2596.93,73
4,999.45,65
6,952.41,216
27,144458.37,23
1,202.56,655
20,6816.91,2
4,2021.2,111
2,503.01,384
1,600.39,62
6,1098.6,14
17,5231.8,94
10,2622.39,-1
3,3340.03,161
2,1741.41,77
2,1345.21,193
3,1129.3,20
9,7956.46,24
8,7485.91,8
1,256.4,42
27,10857.97,34
5,5059.32,41
10,20581.26,-1
3,1103.43,83
6,13925.93,78
1,509.01,98
39,12683.4,0
2,2906.85,13
2,1158.18,681
2,859.2,461
1,347.1,365
1,172.06,2
1,485.31,731
5,5005.46,20
2,434.98,21
1,1002.3100000000001,56
1,476.49,242
1,449.45,43
6,4835.89,21
5,688.2,155
8,12669.88,9
2,430.57,15
1,707.09,133
5,16679.78,55
10,5879.95,72
3,3181.04,43
8,2995.91,65
4,1777.49,70
1,454.36,604
1,326.65,455
2,826.88,93
2,1189.59,17
4,1344.78,52
8,1212.05,9
2,742.1899999999999,16
1,56.73,681
1,132.8,422
5,3670.74,186
2,3070.54,521
1,211.95,688
78,39963.79,1
19,17880.59,31
5,3938.5499999999997,28
31,12424.45,16
2,1149.64,52
23,14115.41,14
9,20276.37,21
1,680.99,2
1,527.2,10
7,5464.85,27
15,12361.39,21
27,23691.4,575
19,5120.58,16
12,6370.15,31
1,708.1,528
1,1037.28,430
1,285.29999999999995,729
3,1298.66,8
1,334.93,335
21,9823.64,4
1,460.40000000000003,37
3,715.21,62
2,433.74,164
9,1872.8700000000001,14
1,357.4,639
2,54.09,619
3,6248.5,80
3,403.70000000000005,20
1,393.72,559
19,5955.21,22
1,2169.39,335
5,3723.87,94
1,1126.0,583
4,779.05,17
1,955.2,407
1,73.5,231
4,1844.06,133
2,398.27,25
1,176.5,283
9,5178.02,141
1,3084.02,427
2,138.03,65
1,612.29,111
2,1597.76,266
1,383.7,352
4,2648.62,76
5,2502.84,27
5,2056.89,-1
2,726.54,62
5,2634.26,78
1,599.68,141
2,192.72,38
23,4372.15,18
17,11126.11,8
3,973.73,497
3,1316.66,-1
5,735.51,80
6,1933.48,8
1,316.48,527
9,3759.26,58
2,1933.2,13
1,349.83000000000004,29
2,1367.89,626
1,1089.18,129
2,716.35,90
3,12601.830000000002,42
1,732.94,407
2,640.45,28
7,11214.75,21
33,22254.49,18
3,981.18,28
2,481.88,483
1,980.25,447
1,372.7,35
2,1000.39,74
2,1161.5,45
3,383.58,196
1,95.19999999999999,165
6,1575.68,574
1,964.83,78
1,168.0,356
2,437.82,37
12,4608.75,7
1,468.5,447
1,129.23,681
2,603.71,49
8,18716.14,15
1,269.96,6
2,561.71,309
3,2134.01,4
1,238.85,301
9,4966.92,7
1,249.24,407
1,456.9,260
1,145.92,287
1,351.65,85
15,13709.86,21
1,70.0,643
30,4124.69,1
1,77.52,681
2,519.61,38
2,1020.42,7
5,717.41,226
1,218.45,314
2,622.8199999999999,456
9,2142.72,34
8,1653.75,34
4,4642.45,20
1,440.42,77
2,1052.9,245
1,197.71,38
4,1980.4,237
27,14447.44,1
9,2338.15,2
2,2040.1,233
4,2062.67,16
1,144.0,6
4,958.78,38
8,4695.66,27
2,9864.26,210
3,1352.15,316
5,2582.66,91
3,418.09999999999997,107
15,5090.110000000001,36
1,299.02,503
2,618.27,50
4,3811.22,18
11,4534.09,8
13,2296.72,28
21,5043.92,27
6,681.26,188
1,153.12,57
1,739.1999999999999,20
2,254.18,78
4,1232.95,375
1,21.0,681
1,1579.51,59
1,415.79,403
9,3435.86,77
5,2099.54,21
1,1193.32,51
1,704.0400000000001,73
10,6835.07,56
1,315.6,276
8,5740.98,1
3,1131.1,94
1,355.53,28
1,177.31,20
10,3781.38,15
3,1339.41,13
35,24775.81,0
1,180.1,231
7,3747.84,275
2,641.13,105
4,5164.88,210
9,6620.48,22
7,4478.53,9
3,786.46,3
2,1558.22,384
2,1270.88,8
7,3481.57,56
2,804.88,519
7,5678.16,57
2,490.0,534
4,2930.41,88
1,141.0,737
13,8340.31,66
2,921.49,32
3,1312.37,237
3,1174.58,22
1,185.9,114
3,1013.26,24
12,8350.42,127
4,1918.49,128
9,3539.3,32
2,1346.97,3
35,17924.35,21
4,1112.0,153
8,2294.65,106
1,314.44,2
4,377.75,333
2,1017.03,330
3,4160.83,147
5,601.98,9
1,261.35,422
8,6407.83,16
4,1643.18,10
1,686.05,17
1,91.68,28
1,245.1,10
1,162.0,435
20,6988.02,-1
2,239.4,623
11,6070.04,7
3,313.6,323
1,1248.42,393
1,620.13,57
11,11444.68,10
3,2744.0299999999997,149
7,3760.29,9
1,2622.481,605
2,437.05,328
3,1230.02,4
4,1970.6,37
2,958.5,552
11,2843.09,23
2,395.1,554
21,34281.18,41
4,1113.02,57
4,880.81,-1
45,30868.28,13
52,24033.91,2
21,12696.78,3
7,2283.63,6
6,2863.08,27
1,178.28,370
2,2138.91,479
1,4873.8099999999995,112
2,1247.61,24
1,389.01,204
7,1170.4,27
1,110.95,636
7,1703.02,126
3,1843.35,69
7,1407.1200000000001,6
2,851.91,433
3,957.59,27
1,339.75,589
1,638.11,416
4,4939.99,6
6,2446.41,78
1,219.0,18
4,1006.53,70
8,2340.84,6
14,11762.1,14
1,603.42,290
18,5314.1,28
33,31093.34,14
3,1149.02,95
2,1339.05,610
21,7193.66,27
1,848.55,-1
12,14093.71,8
1,353.86,105
2,1053.49,2
3,1308.91,150
1,238.25,70
2,644.95,4
30,8260.67,1
8,4013.08,30
4,997.63,84
5,725.07,2
7,2317.52,4
4,2694.56,370
11,4014.6,27
10,5679.53,9
5,1070.17,70
1,453.01,112
1,829.25,520
17,25775.71,22
1,236.26000000000002,178
4,2424.87,233
3,639.65,351
2,779.5699999999999,314
1,234.0,331
2,3710.5,497
1,310.7,371
4,2726.73,77
1,427.6,62
2,406.07,528
1,1201.52,624
2,546.43,133
11,25317.06,50
3,925.41,485
1,254.55,539
26,9276.539999999999,1
338,56599.39,-1
9,6897.36,2
1,275.88,127
1,268.27,443
1,4366.78,80
6,21429.39,21
4,3010.74,234
11,9030.66,279
1,112.07999999999998,85
13,7857.1,14
7,9903.24,115
8,5020.74,51
1,347.8,454
2,782.95,456
2,1898.52,6
2,814.16,137
1,1693.88,315
6,1404.58,471
9,10068.28,2
1,949.82,374
1,168.69000000000003,449
1,1143.6,237
2,3246.45,209
1,282.3,484
1,892.47,58
1,124.25,563
1,98.7,534
7,1686.12,16
1,55.5,666
1,519.45,456
9,1775.68,18
14,6722.2699999999995,36
1,337.4,597
2,826.74,62
11,4618.24,3
6,2225.91,1
3,1804.75,8
3,1100.4,363
1,728.5,608
4,862.18,8
4,444.9,462
3,273.35,64
2,591.85,191
6,1056.1100000000001,372
2,827.01,255
3,1017.33,333
2,860.41,52
1,430.48,17
1,381.0,627
2,806.11,364
4,8510.93,9
1,219.35,528
3,584.25,469
1,1071.82,499
7,2416.42,185
1,1092.81,392
2,327.02,464
4,1434.95,380
4,2878.96,434
1,330.35,382
5,906.1,35
3,1755.94,176
2,534.99,533
5,1033.9,259
1,229.64000000000001,43
3,1687.8,500
1,125.92,100
2,1063.46,146
2,572.2,94
3,690.98,280
1,1542.08,260
1,540.52,457
11,2689.52,2
2,220.8,213
2,948.88,69
18,6501.5,73
1,397.12,58
2,518.63,520
12,2955.75,1
3,430.15000000000003,4
6,1018.71,1
3,385.3,335
6,6814.64,36
3,451.11,261
2,383.03,31
1,417.38,144
1,312.38,281
42,6043.31,426
16,6585.62,58
2,688.41,172
10,3398.48,32
26,10071.73,1
7,4041.97,142
39,7540.68,3
4,1917.99,69
30,6588.41,64
4,648.6,28
4,354.09,266
1,15.58,681
2,1636.8999999999999,21
1,208.0,674
6,3090.56,30
1,330.0,444
2,284.13,95
1,311.55,293
11,3907.5,133
7,2994.02,77
4,650.9399999999999,371
6,2179.93,6
6,3688.0,209
1,177.92,382
1,575.1,457
1,55.47,692
1,68.25,618
2,1008.3199999999999,424
6,2792.5499999999997,51
2,299.57,137
4,3323.47,25
3,1227.35,282
13,7913.29,25
8,2247.06,184
1,337.66999999999996,680
3,1676.95,374
3,744.02,83
12,3685.4900000000002,325
3,2027.3,281
2,948.42,384
5,1356.99,142
4,4081.79,56
20,2955.17,2
2,854.99,235
3,573.22,43
2,640.13,380
1,298.0,274
2,1463.04,8
4,703.47,23
1,309.05,87
3,1175.22,62
2,1378.4,66
1,222.4,382
2,354.12,213
4,385.46000000000004,380
3,717.27,23
11,840.5,184
1,263.38,395
1,188.14,29
1,157.35,574
2,372.8,41
4,514.25,203
2,310.96000000000004,462
1,366.4,412
1,340.33,421
28,17654.54,7
1,138.68,263
1,833.53,427
2,509.58,17
2,1018.42,575
4,2919.81,10
2,508.91,394
5,1776.0,175
8,3103.19,38
13,5796.52,22
1,1680.47,550
5,1662.3,1
13,6700.860000000001,3
1,223.98,399
4,1174.75,147
7,4654.0199999999995,137
6,4359.2,127
1,10953.5,625
6,1335.19,7
3,488.09000000000003,16
73,35921.04,8
1,405.38,160
3,789.87,63
12,2469.4,87
3,729.3299999999999,3
4,1548.46,410
1,197.31,393
12,4304.89,34
1,117.85,310
2,415.8,77
56,92347.34,20
8,1698.56,538
8,1687.03,23
1,181.65,735
15,4243.86,1
4,1063.9,16
9,3097.61,14
1,114.14,24
19,25264.8,63
2,913.54,53
1,377.49,723
3,942.65,130
2,496.5,557
2,604.51,34
2,900.11,287
1,324.45,435
6,1908.03,142
9,2317.43,15
21,15526.7,29
3,1843.0,1
15,3213.7200000000003,7
4,1387.79,4
2,828.8100000000001,8
1,162.45,637
11,4757.16,0
4,521.89,305
13,8706.97,8
2,539.49,399
1,150.95,483
4,1322.07,412
1,211.99,378
2,266.39,6
12,3601.59,7
1,132.24,436
1,771.91,88
1,160.18,8
3,4306.92,357
1,135.95,111
1,122.45,601
10,1524.97,6
112,15972.79,2
4,1161.2,412
1,385.55,412
2,408.95,196
6,2100.09,435
8,3156.38,210
4,517.63,155
5,2502.82,384
1,517.7,728
21,16245.78,156
2,372.21999999999997,28
8,2744.81,241
1,490.08000000000004,597
1,97.5,17
2,1239.38,-1
10,2729.84,427
5,1312.21,72
1,535.32,291
32,13551.75,2
7,955.5,30
3,764.82,22
1,93.35000000000001,724
8,1259.6299999999999,22
3,974.4200000000001,3
1,211.32,84
1,355.5,374
8,2110.91,21
3,920.08,491
3,455.88,195
4,1032.5,105
33,24172.100000000002,3
3,414.13,317
3,149.05,104
36,11650.85,10
4,999.68,172
1,81.57,55
1,175.25,578
3,612.13,322
1,234.0,671
2,330.12,373
1,101.10000000000001,371
11,2972.83,8
30,12625.77,0
11,5381.08,9
11,6586.42,52
3,789.89,72
1,204.0,6
33,9763.16,15
6,1229.95,378
2,618.96,561
17,4887.24,3
1,65.3,428
4,1449.03,63
2,555.87,469
1,323.39,730
9,1733.08,0
19,17335.2,112
2,661.3199999999999,21
5,1927.3,29
2,1227.22,10
5,3419.27,406
9,2843.55,51
2,220.55,356
3,922.68,53
3,1364.2,72
1,307.1,683
12,3914.9500000000003,137
3,908.46,79
4,1010.73,583
2,676.99,7
4,799.13,449
3,1556.54,597
1,516.42,272
11,4853.9,290
3,808.92,98
3,949.25,29
23,8795.16,30
9,4084.21,13
4,1408.24,63
35,12344.53,13
2,155.8,577
7,3168.53,211
1,127.65,620
4,2321.11,77
1,209.48,550
3,722.09,529
3,271.40000000000003,23
10,2303.17,248
1,307.53,252
1,248.61,71
1,346.98,190
1,188.4,479
6,1680.74,11
5,1260.91,372
2,470.8,23
3,508.51,81
2,344.0,9
38,9683.13,-1
4,751.7,191
1,129.22,611
1,177.15,265
2,418.08,410
4,1378.74,510
1,919.61,128
1,135.4,456
11,3064.67,0
57,29532.45,2
6,419.18,3
4,280.73,178
28,59205.15,10
21,7335.75,125
3,395.43,3
1,122.39999999999999,490
8,2433.28,156
1,439.33000000000004,381
1,313.64,725
1,236.11,416
198,116737.86,1
24,14103.09,7
3,2321.82,27
12,2140.28,69
55,54943.65,274
13,2433.1200000000003,20
1,74.39999999999999,69
1,419.70000000000005,393
28,13389.22,31
28,28882.44,0
1,207.35999999999999,98
4,695.4,233
37,11696.92,0
3,709.64,38
9,1709.1,2
1,72.0,435
2,603.46,132
9,5253.07,43
2,1098.52,371
3,1134.03,58
12,2957.4700000000003,30
1,321.88000000000005,717
1,20.6,540
37,18625.73,-1
1,234.38,729
10,5494.7,10
1,501.14,137
18,2643.81,20
9,2415.41,18
1,134.9,667
1,30.599999999999998,237
1,283.73,268
2,922.39,93
2,506.75,471
4,4782.45,88
1,158.57,522
13,3998.25,3
1,259.17,76
1,263.5,630
2,233.25,451
1,64.0,93
7,3313.77,22
1,77.3,260
3,200.45000000000002,272
6,2475.23,84
2,3371.45,195
13,6274.56,55
16,7712.7,9
7,1467.24,21
8,8202.98,15
5,1215.68,107
17,7668.58,83
1,307.09,18
1,405.1,583
2,135.35,331
7,1423.52,38
1,228.91,25
4,712.8000000000001,9
26,8621.81,28
4,1676.06,13
3,449.96999999999997,483
3,2580.7400000000002,294
7,2146.38,416
1,486.22,4
3,1624.84,398
6,1750.18,32
3,1586.54,384
9,5687.36,48
5,1508.18,93
4,1437.85,7
1,91.8,21
2,478.88,312
16,9275.49,121
1,17.65,609
2,372.2,568
3,1451.16,45
2,884.18,282
5,1125.15,17
5,1875.31,35
3,840.08,62
1,116.00999999999999,25
3,468.41,20
1,69.6,399
11,2639.35,3
12,9494.84,15
2,831.45,581
1,492.84,45
2,512.2,63
21,14059.19,25
1,572.3100000000001,617
1,86.10000000000001,606
1,359.69,380
1,121.18,44
15,7036.18,6
10,1701.29,13
1,71.4,266
3,1575.89,38
4,367.01,336
1,114.60000000000001,10
2,260.68,17
3,570.66,543
1,164.69,657
6,2558.58,94
1,117.88,60
2,472.78,134
1,172.38,413
7,3068.84,10
1,373.01000000000005,608
8,4974.2300000000005,9
65,16432.89,2
4,870.09,18
4,1240.6100000000001,501
8,1580.3,393
10,2648.25,8
1,966.6600000000001,730
1,2803.2,442
13,8377.32,399
4,535.86,14
9,1988.5,57
13,8509.51,29
1,353.48,92
10,2729.32,9
3,788.08,18
11,3851.52,55
7,3264.23,416
1,81.6,401
1,333.74,266
4,666.48,121
1,62.63999999999999,126
1,76.23,617
5,1336.0900000000001,77
2,847.41,239
1,88.5,576
6,969.1200000000001,199
2,2155.95,59
16,16260.07,2
2,312.46,272
1,257.7,200
1,358.0,80
1,160.95,224
32,6360.78,3
7,1357.6,11
4,1176.46,73
2,356.95,671
1,1031.07,211
2,744.85,23
1,643.0,386
6,1006.63,16
5,1594.69,260
8,1738.52,95
1,115.58,410
7,699.4,111
5,1278.04,202
1,121.74000000000001,91
2,989.22,49
11,3387.43,17
4,501.12,16
2,465.68,123
9,1608.93,91
2,256.04,459
1,252.68,401
2,399.3,393
4,2951.11,155
1,51.410000000000004,375
3,904.46,8
1,0.0,13
1,149.75,435
5,1035.18,10
9,1433.38,60
1,557.62,60
2,944.1,267
3,573.45,262
39,8704.69,0
1,722.5600000000001,441
5,2107.66,52
19,6135.04,10
34,9758.26,1
11,3214.69,16
28,8891.7,0
1,1180.0,365
1,217.38,36
2,276.56,30
1,138.98,112
1,360.85,408
2,241.66,382
5,1939.26,62
7,523.3,14
4,1435.85,39
1,137.75,77
7,2322.63,121
1,350.85,438
4,1313.19,17
4,373.36,58
1,201.19,329
6,3364.59,22
1,734.91,599
3,781.59,602
5,927.61,442
1,307.95,722
1,208.63,437
11,3320.84,154
5,994.51,37
6,1192.94,391
3,1689.53,188
4,1101.97,358
6,792.51,136
7,4368.62,6
1,360.0,0
3,1218.7,267
3,1285.51,168
4,618.09,102
2,159.2,154
1,61.72,399
4,1217.99,350
16,3754.71,3
1,53.65,429
3,273.34,119
4,1670.3700000000001,21
6,1706.3700000000001,6
5,1541.2,27
2,598.57,3
1,124.75,450
12,3445.32,21
3,775.94,0
1,310.26,688
10,13191.57,36
17,6486.091,65
3,640.76,0
57,22082.5,4
6,2228.1,77
2,567.36,71
1,199.48000000000002,16
5,787.85,2
18,10513.47,35
1,675.3,80
1,281.76,431
20,9879.48,37
1,1308.48,315
8,5112.97,30
6,2806.18,91
1,262.4,400
1,350.9,13
3,1015.74,410
5,6263.75,81
1,795.12,76
1,1575.26,545
4,2445.62,156
1,860.12,199
12,22100.56,44
1,775.85,259
1,353.43,176
3,2543.72,66
1,389.5,286
6,299.4,461
1,341.36,69
1,233.76,63
1,247.32,9
2,979.12,15
1,373.94,65
1,397.97999999999996,59
1,743.53,70
1,674.7,121
1,768.24,79
5,3838.36,256
1,439.03,267
2,1043.31,62
4,1553.65,430
2,1450.5,471
7,5394.07,8
3,1723.86,16
1,134.95999999999998,70
2,2225.37,32
1,56.160000000000004,49
1,510.20000000000005,430
4,1121.5,255
1,616.5600000000001,364
1,1509.74,370
2,2297.66,504
1,378.64,88
6,7587.1900000000005,59
2,422.8,413
2,1792.23,87
3,1019.76,98
2,1552.88,395
3,572.56,25
1,62.4,431
12,8224.37,30
5,1387.58,279
1,305.28000000000003,542
11,6680.83,29
1,534.57,328
2,835.46,413
1,189.44,416
2,1185.65,130
3,797.96,10
1,544.08,73
1,59.8,202
1,91.14,676
4,1131.45,582
19,6621.7,0
3,1180.23,184
2,1360.99,28
10,3191.87,71
2,670.34,191
3,275.4,463
1,310.83,581
4,1535.13,126
3,229.5,16
2,252.49,0
6,1213.811,73
2,568.92,426
3,2244.7,577
102,51733.462,0
9,2201.96,23
1,213.55,106
1,487.34999999999997,619
6,429.44,638
6,2494.14,132
4,800.67,471
3,940.8000000000001,42
6,1669.49,3
31,12233.6,10
1,221.06,62
2,159.85,148
8,4103.12,39
1,2626.3,63
1,217.03,427
1,572.77,448
5,3403.63,107
22,8167.38,-1
6,1006.53,18
3,499.98,9
4,1006.8,9
2,679.45,17
8,3316.24,66
2,439.1,570
4,658.3199999999999,500
5,1666.8600000000001,73
9,4475.2300000000005,4
1,196.89,0
7,3408.06,13
1,46.5,546
3,986.61,254
5,1295.25,422
2,720.9,90
3,419.87,666
6,1280.16,447
2,631.6800000000001,373
1,241.89999999999998,625
11,3881.89,429
3,1129.14,22
13,9240.87,15
1,291.88,22
13,4120.04,25
11,7190.92,25
3,729.8,258
3,781.6899999999999,164
1,219.87,640
6,2905.93,23
6,1766.72,16
2,148.22,687
16,11959.27,6
2,1160.4099999999999,623
2,183.44,28
6,4160.0,37
5,1153.85,251
6,3097.64,57
2,931.12,445
5,1013.35,183
2,1083.71,9
72,13390.51,0
1,82.4,652
2,165.0,98
4,2531.58,0
2,592.24,462
8,2657.7599999999998,59
3,663.79,235
4,1431.78,190
5,2061.4700000000003,177
11,2834.17,36
5,2215.78,468
5,851.37,199
2,627.82,415
10,3830.84,44
2,336.09,231
1,140.34,64
3,790.72,240
11,3019.2200000000003,232
3,1122.41,77
5,846.87,56
23,15587.88,16
4,449.52,104
1,154.25,653
27,4566.56,50
3,1269.84,135
2,618.63,274
1,316.26000000000005,310
10,5374.26,6
2,653.33,9
6,1320.33,281
1,327.38,729
5,1159.11,16
4,1466.3,22
3,2885.11,287
5,780.5,15
6,1905.39,70
1,295.93,63
4,4393.63,71
5,1639.2,315
4,2479.16,2
2,287.05,242
8,1114.72,7
11,4558.29,0
1,282.76,675
4,713.39,259
3,824.59,125
4,815.9000000000001,72
6,1265.82,71
4,1685.26,20
3,2128.42,58
1,659.4399999999999,84
2,343.21,77
11,6909.4,57
3,1093.65,0
1,125.80000000000001,29
6,5101.52,32
5,680.1800000000001,39
2,628.78,13
2,1182.0,737
12,4683.74,32
2,307.76,77
1,402.97999999999996,633
6,1738.52,204
1,210.31,32
3,270.79,181
32,7720.9,1
1,89.5,401
7,3448.29,0
2,717.85,424
12,3112.73,42
7,1569.3600000000001,84
3,632.39,466
2,785.25,426
17,4006.17,375
2,1439.6100000000001,633
6,829.0,38
2,374.64,389
5,1092.14,11
1,175.53,407
3,908.99,95
8,1005.8,24
1,349.51,382
2,244.2,318
22,6978.92,65
1,517.8,673
7,1638.28,379
13,8999.19,72
2,200.82,428
13,3032.26,27
4,605.06,4
2,990.0,511
1,174.37,6
11,1820.72,214
8,4838.18,80
2,777.53,83
37,17249.55,143
3,414.8,18
5,1708.1200000000001,39
4,1083.69,427
1,192.85,172
4,893.78,16
1,239.49,242
26,4546.54,11
1,1384.25,204
6,916.47,49
1,421.25,410
5,732.0699999999999,22
28,11551.74,9
11,3489.28,24
1,147.66,408
5,1539.04,13
1,107.75,405
2,280.53000000000003,308
2,241.68,388
2,1445.031,154
3,392.45,305
3,684.54,529
1,131.53,540
4,1673.5,62
9,2478.95,14
6,1120.74,13
18,6349.59,10
7,2093.94,63
4,247.95999999999998,34
14,5523.6900000000005,107
2,533.32,51
3,818.22,515
2,697.04,4
2,396.71,399
5,789.59,46
31,10167.630000000001,0
2,518.42,311
4,1185.14,44
4,1025.17,63
1,164.34,25
1,717.62,657
2,522.67,386
3,280.53999999999996,28
2,1078.31,39
1,236.2,539
1,167.35,592
14,2175.88,11
10,3319.53,88
1,818.29,631
5,1039.8500000000001,451
6,2359.19,23
8,6272.53,317
2,288.1,567
8,1278.75,39
1,177.34,172
2,231.69,543
1,112.34,527
1,213.85,115
1,658.95,695
10,2566.49,29
1,462.08,387
1,301.26,595
2,707.04,251
7,2245.9,58
1,310.14,675
19,13370.86,22
7,2031.78,4
11,3070.42,98
8,3648.15,23
16,5073.47,32
4,2999.16,66
5,949.12,35
3,810.5,51
1,122.64,14
2,1346.27,73
1,405.0,610
5,1016.47,639
4,514.72,214
10,2156.77,30
4,2624.26,15
1,252.1,119
2,326.25,398
8,3071.68,8
8,1764.02,399
6,1678.88,255
9,3288.0,15
3,226.85,34
5,2570.85,44
1,152.2,486
11,6308.0,42
6,2280.51,113
4,1078.85,163
2,382.14,9
9,6025.5,8
12,4894.88,204
1,314.59,399
1,325.24,602
11,2250.11,84
5,2047.51,178
3,1711.6599999999999,385
5,127.89999999999999,59
1,305.02,148
35,13089.94,1
3,413.55,49
1,349.7,74
1,194.95,393
3,419.92,300
2,396.92,17
1,240.68,431
2,486.82000000000005,150
2,243.9,538
3,556.1899999999999,403
1,232.6,150
3,281.26,492
12,11435.67,0
4,827.83,16
1,59.5,186
1,258.6,456
4,596.98,284
7,3119.44,1
3,409.04,181
1,11880.84,437
1,375.5,634
2,1259.5,62
1,172.25,58
1,212.78,395
5,3114.4,23
9,2011.82,373
143,196482.81,2
16,2770.73,30
3,2020.4,420
1,151.29999999999998,37
2,465.53000000000003,595
2,764.15,154
13,2613.46,25
1,161.0,445
1,135.18,444
2,425.56,317
9,2308.06,4
7,2035.33,6
2,631.17,301
5,3365.86,266
1,296.88,270
18,7591.75,2
3,509.52,30
9,1792.26,217
2,766.42,245
3,743.26,407
1,161.35,464
17,8483.29,280
1,138.28,268
8,1763.3,31
2,306.55,245
11,2815.25,14
4,799.9,115
2,741.54,35
10,5635.41,130
6,1209.2,216
1,213.01,636
8,1980.56,48
2,1079.6599999999999,37
8,1080.05,27
16,2855.17,35
3,724.73,434
2,752.6,134
2,610.59,218
1,491.86,27
2,487.03000000000003,409
4,6701.640000000001,507
13,9813.22,23
7,2766.21,4
1,339.59999999999997,199
1,440.93,395
2,292.2,17
5,1597.77,239
3,668.4300000000001,70
12,3131.02,15
7,1341.6,1
2,1156.36,94
2,777.36,161
1,176.69,412
2,249.39999999999998,372
8,2268.35,94
11,3602.1800000000003,52
1,296.25,287
7,1590.73,123
4,2094.57,286
3,447.05,150
9,2161.35,2
23,9207.5,1
1,195.55,673
15,9416.98,10
2,659.4100000000001,32
5,1363.6399999999999,53
6,1952.17,49
5,2472.48,217
3,5217.4400000000005,62
6,2953.26,69
1,352.821,652
1,190.35,494
72,35540.53,1
2,875.97,725
20,5800.42,1
4,785.37,421
9,5728.82,63
8,3114.22,32
2,301.54,395
1,345.0,80
1,1049.66,589
2,623.98,427
60,56478.42,-1
4,1124.49,102
1,161.13,514
3,735.82,6
3,778.83,249
13,1793.72,11
4,1542.09,486
14,2910.23,8
4,542.49,427
6,3358.94,366
6,1222.5,74
1,3.75,504
1,239.45999999999998,387
1,348.8,3
2,1516.0,126
3,383.95,65
1,96.0,645
1,126.03,545
4,836.3,387
1,289.7,498
3,1179.45,435
109,75836.87,0
9,2803.57,115
3,1679.56,308
1,324.8,65
19,26259.11,137
3,1338.91,254
9,3208.52,29
2,924.6,51
1,256.38,62
3,534.8,366
5,1747.66,4
3,679.7,304
3,1499.01,27
3,814.5,182
3,539.0,41
8,2765.47,38
3,2257.32,91
8,7475.74,21
2,571.6700000000001,22
2,382.98,28
1,61.28,428
6,2642.35,300
3,660.65,417
6,1410.73,143
2,632.0,4
7,3403.4500000000003,17
12,3314.76,31
2,255.59,620
1,189.5,175
3,412.05,56
1,209.49,21
1,102.0,420
1,156.85000000000002,580
18,7023.58,15
2,613.6899999999999,18
2,701.36,158
2,324.19,575
7,1095.27,24
2,620.37,398
2,271.24,210
10,1966.09,4
1,139.95000000000002,485
1,651.4,415
1,85.0,251
18,5629.91,57
1,319.75,380
1,361.62,10
1,312.98,63
4,1307.79,23
1,310.72,718
8,3335.0,91
5,3469.3,50
1,1595.48,128
8,4606.46,94
1,187.35000000000002,609
1,1090.14,56
39,12253.96,7
4,1310.3400000000001,499
11,1142.03,167
6,1001.01,392
1,216.17,56
2,515.86,325
4,1245.9,0
2,273.26,428
9,2556.09,17
4,1239.55,246
1,662.4000000000001,385
4,501.56,57
1,145.67000000000002,73
3,1015.29,30
2,3192.54,6
10,8111.57,122
15,5712.08,1
16,7885.85,21
3,919.57,526
8,1038.92,118
7,2049.15,357
14,4814.37,52
1,122.7,62
3,449.68,85
4,2473.06,53
1,395.5,644
17,4391.66,20
43,45179.1,2
5,1191.13,1
15,6560.02,9
10,1888.48,6
2,506.8,188
1,243.56,70
1,349.55,203
6,2169.05,118
6,1991.23,91
14,2927.38,0
3,863.5600000000001,377
6,1267.6499999999999,25
1,821.1,296
3,564.62,22
6,4008.52,27
1,388.55,624
3,1160.72,49
2,686.4,324
2,388.52,15
6,1610.59,182
15,5676.34,71
5,34095.26,631
1,165.45000000000002,399
2,332.64,36
1,312.65,731
1,42.0,408
1,136.8,690
4,2369.55,78
2,286.6,422
20,4234.99,56
1,124.95,422
1,42.22,505
2,626.45,10
1,70.80000000000001,393
4,1275.81,462
2,272.04,48
2,1212.8400000000001,48
4,1360.68,58
4,1774.68,430
4,730.7,401
3,865.2,350
1,351.13,52
6,1838.8500000000001,0
3,678.25,91
1,223.85000000000002,22
2,708.26,73
4,464.57,9
11,3494.1,168
2,337.34,56
11,5257.38,94
1,307.4,293
2,608.7900000000001,108
1,922.1,262
3,6116.92,595
3,939.66,178
2,880.13,168
1,71.66,34
7,1560.96,22
4,839.14,16
15,11122.300000000001,20
1,320.0,533
1,246.54,576
1,200.43,652
2,854.15,393
6,1876.23,78
1,90.6,64
4,548.76,359
6,2427.32,1
4,745.06,10
3,674.45,175
14,12823.521,216
12,6640.68,6
2,439.92,0
3,545.17,153
5,1026.42,4
3,458.25,416
8,4709.2300000000005,378
6,1076.18,78
2,230.22,20
1,538.4,391
3,362.8,20
17,3011.87,307
2,438.9,386
3,996.61,475
1,390.86,434
2,166.3,144
1,123.66,422
35,13365.87,6
2,846.55,385
14,4667.57,17
2,190.25,69
1,264.7,286
2,677.72,48
12,5358.84,30
4,1192.36,205
1,519.8100000000001,410
2,196.79000000000002,13
7,3416.23,72
5,799.92,59
1,331.14,414
9,4445.59,38
21,7108.45,28
12,2048.6,25
22,10020.86,3
1,320.46,16
2,682.54,378
8,4757.8,18
5,2026.06,64
1,311.3,212
6,855.97,11
3,219.5,29
19,6775.71,41
6,2313.14,2
14,3902.01,14
2,895.76,385
3,382.31,518
3,566.7,445
29,9502.26,9
5,2046.3400000000001,210
9,4530.09,44
2,529.73,133
1,209.41,731
11,6258.45,42
5,2874.72,8
7,2196.67,114
1,79.48,511
1,509.04,431
3,1099.91,197
2,445.15,564
2,457.82,479
1,328.8,276
5,1084.57,109
3,1948.21,76
1,917.34,51
11,11403.41,160
1,229.75,570
1,367.15000000000003,644
3,1421.61,45
4,1249.01,15
7,1716.58,154
2,792.15,224
2,584.07,6
3,645.74,120
8,4057.9,463
2,713.11,469
1,104.82,59
3,10396.5,549
2,467.66,62
20,8262.29,17
44,40999.17,6
16,4850.2699999999995,1
1,109.44,554
3,651.8199999999999,21
9,2856.72,27
1,626.65,283
6,836.95,175
5,3069.88,77
2,267.28000000000003,32
35,12645.57,39
1,141.41,265
1,431.98,724
2,304.25,490
10,3123.1,25
16,11313.029999999999,108
1,154.99,283
14,4255.03,7
3,748.69,304
13,13239.03,15
2,746.36,30
37,22434.0,-1
2,480.81,18
4,572.3,123
1,92.46,64
3,1520.96,105
23,8214.65,0
22,8408.84,22
2,469.19,461
1,183.6,265
30,9519.08,3
3,917.4300000000001,506
24,25604.2,8
9,22710.2,437
15,3332.42,28
3,891.02,388
1,152.55,265
2,374.7,62
4,1528.3700000000001,319
2,230.06,513
1,326.55,683
8,1438.82,2
1,390.85,665
1,151.04,31
1,219.39999999999998,622
6,1734.87,3
1,122.47,128
6,615.0799999999999,39
9,1692.6299999999999,100
2,618.73,123
6,1115.68,31
10,5370.1,301
2,413.36,363
11,1407.26,3
1,150.5,511
33,10104.97,1
1,39.95,461
3,846.22,1
16,64036.8,9
1,161.0,55
1,76.32000000000001,323
2,9530.08,653
24,7229.45,6
1,442.85,11
1,335.22,438
1,2.95,721
17,65164.79,3
2,422.85999999999996,480
1,147.35,35
20,5765.71,15
1,194.9,136
13,9961.93,72
5,1360.28,4
1,0.0,664
5,771.5799999999999,153
5,5988.83,238
1,214.79999999999998,736
11,4877.3,50
4,1044.96,29
1,144.2,71
32,12987.95,2
4,692.85,13
13,5834.59,21
16,7092.610000000001,2
7,1364.09,272
2,622.6700000000001,500
5,1382.74,18
1,90.0,142
1,458.45,427
2,183.37,374
4,2780.15,2
3,362.42,405
1,436.18,732
1,419.58000000000004,83
3,2740.43,9
4,1172.46,6
6,1900.0800000000002,121
3,924.21,59
8,2591.34,0
4,1882.67,318
1,187.87,647
11,3586.0299999999997,1
4,911.14,128
15,11123.35,381
24,9643.92,0
5,1570.81,399
1,332.7,694
2,982.3800000000001,0
4,1086.8,45
2,935.05,2
4,915.13,1
2,983.15,372
1,115.8,132
1,30.599999999999998,485
7,7600.05,45
12,9450.3,7
8,2590.2,77
2,466.29,232
1,446.62,219
2,658.64,34
2,679.45,672
7,1997.3400000000001,74
1,233.4,482
8,6460.7,238
1,118.75,265
155,313946.37,8
5,1002.78,18
1,507.66,39
20,7938.01,18
7,8421.47,609
7,3318.88,214
2,289.36,172
5,2594.62,86
2,1631.77,69
1,122.53999999999999,274
2,256.85,504
8,1296.49,38
2,370.45,419
2,624.4300000000001,429
3,597.33,374
2,498.79,97
3,402.72,604
6,586.0,9
1,134.46,32
8,7678.88,58
5,916.01,296
13,2229.34,85
7,1620.93,7
2,719.78,39
33,6319.25,9
2,310.55,409
4,678.77,442
2,286.29,410
1,452.89,65
1,197.65,330
5,1550.63,426
1,123.5,472
6,2054.36,29
16,5814.39,1
1,79.9,665
15,4817.66,0
1,293.74,387
3,1210.19,66
35,18670.59,3
6,2615.6,200
1,335.52,105
1,390.05,409
9,1569.73,17
4,1091.7,217
1,379.2,616
10,1193.54,59
3,847.76,380
1,339.34,396
4,1062.96,1
9,2414.2,15
3,1185.01,238
1,157.8,686
2,567.05,93
15,4993.27,9
16,5861.52,104
18,4402.29,52
2,2190.14,88
1,1192.2,403
5,1004.38,29
9,3416.33,10
5,2150.04,2
23,3416.89,0
1,169.48000000000002,41
3,633.83,3
4,1515.0,246
17,6517.49,41
1,683.17,176
3,991.13,91
9,1897.9,109
4,2037.02,433
6,3002.53,27
13,6368.71,25
3,745.5,436
8,2594.04,50
3,979.8000000000001,434
4,1235.6200000000001,182
5,2048.07,41
7,2904.27,48
4,775.46,21
9,4717.99,74
5,1744.64,79
2,632.14,372
3,434.23,325
21,4263.17,42
3,1247.49,29
2,333.70000000000005,182
2,280.55,233
17,7431.05,7
1,366.41999999999996,659
2,1693.45,218
3,1474.06,109
5,772.66,277
3,1032.95,317
12,5625.461,409
3,1904.05,6
5,2879.7000000000003,0
1,350.99,380
2,363.40000000000003,492
1,601.03,431
1,1000.63,545
5,2473.9900000000002,259
9,5954.45,63
25,32051.34,8
1,120.0,140
3,824.28,470
2,1163.45,49
8,2618.23,7
1,322.93,422
6,1517.3600000000001,153
4,1373.35,108
1,40.56,427
3,1516.24,161
1,354.85,469
1,295.73,438
1,492.65000000000003,330
2,219.13,224
4,920.81,72
4,559.97,50
1,256.6,685
6,1189.3799999999999,394
7,2102.68,97
9,17225.81,14
1,205.83,408
2,191.86,519
1,134.04,195
1,245.15,407
25,7849.66,2
4,628.4399999999999,462
3,1299.65,29
8,3284.42,20
7,8479.76,22
3,176.63,7
1,426.6,212
6,911.26,7
8,4516.56,10
22,7904.1,0
16,9226.25,6
9,3267.9300000000003,2
1,375.34,406
5,2362.91,39
2,456.40000000000003,420
4,1305.33,16
82,91194.49,7
27,14499.49,7
1,43.2,17
4,1992.18,116
3,742.9000000000001,429
2,277.94,406
3,1725.01,221
3,1858.96,70
6,3151.4,50
10,5071.03,87
2,1147.02,548
11,3780.81,7
1,492.1,431
2,516.45,241
11,3090.29,45
2,229.8,105
8,3197.82,43
5,1370.34,421
1,508.58000000000004,63
1,158.02,459
1,494.85,423
5,1346.75,205
7,2218.06,9
4,474.1,428
2,605.0600000000001,113
2,701.61,408
1,245.48000000000002,568
3,940.98,241
6,1894.93,162
1,445.05,437
15,9927.22,16
1,200.63,622
2,462.65999999999997,123
5,1943.51,21
1,415.2,66
12,4318.48,15
2,468.26,15
4,1614.91,15
3,928.1,160
2,620.27,241
1,134.7,217
17,4467.32,44
6,918.44,20
4,1088.91,420
20,3333.7000000000003,126
1,108.97999999999999,37
5,2315.75,119
1,82.6,735
1,409.57,259
1,133.5,9
3,972.03,273
1,51.0,163
4,1078.96,156
3,376.5,214
2,163.62,4
3,1014.45,364
2,701.23,78
1,225.77,42
2,400.06,388
3,912.18,18
4,2128.23,30
1,214.70999999999998,577
1,161.2,21
2,227.47000000000003,401
8,3717.35,107
2,634.68,393
1,136.0,524
16,9261.52,7
1,155.0,318
2,469.13,641
6,1175.78,449
1,100.5,294
2,860.08,442
1,76.55,357
1,108.0,540
3,1132.99,184
1,215.46,682
2,617.05,190
1,131.25,620
4,1268.91,43
1,48.96,681
2,631.34,51
2,1246.8,25
3,1247.69,37
1,58.5,499
3,202.11,8
1,142.4,295
3,1770.56,31
16,6701.0,9
5,1898.01,64
13,6399.83,9
1,135.6,575
1,266.4,431
1,67.95,217
1,93.8,563
20,8208.01,1
7,2121.93,64
19,2612.96,1
2,707.79,400
8,2113.16,393
3,1732.47,148
22,6795.9,3
1,285.6,651
6,1880.51,129
13,2899.11,32
1,195.0,385
1,156.75,118
6,2157.73,106
11,4109.77,9
9,3756.09,70
11,2651.14,91
1,1063.0,309
3,1426.19,41
4,770.37,361
8,2399.33,90
23,12091.6,0
2,490.22,21
1,604.2,386
3,1937.25,2
7,1260.91,9
4,1639.17,98
6,2469.37,56
19,10271.52,-1
3,916.6099999999999,217
1,322.08,16
3,661.39,433
17,11727.94,22
4,1263.52,49
5,1244.83,6
1,516.28,402
3,1220.9,510
4,2614.2,301
6,2255.51,8
1,289.6,464
6,1372.8,20
1,90.42,500
2,271.70000000000005,97
5,958.84,364
1,131.9,305
5,9443.04,318
13,6638.7300000000005,7
11,4611.6900000000005,-1
7,5367.0199999999995,203
5,2386.47,52
1,132.04,455
1,221.65,454
5,1241.31,-1
6,1711.73,17
2,375.35,8
8,2482.8,17
7,1128.44,179
12,3308.77,59
4,665.59,9
1,119.93,189
5,977.3,375
4,628.21,431
9,3062.4,4
1,113.64,309
1,237.42,379
2,5375.741,154
9,1093.5,109
13,6713.5,147
12,2270.01,65
4,786.5699999999999,97
2,111.0,567
11,3946.03,245
13,4646.9,28
12,2220.9900000000002,16
1,204.24,732
4,2112.21,415
3,712.04,10
2,400.95,590
9,2228.22,102
2,234.34000000000003,73
2,1278.08,45
4,1151.15,70
1,215.7,256
7,1969.6,18
4,1276.66,381
4,1299.11,252
4,1299.52,10
5,2311.4900000000002,163
12,4357.91,17
2,257.1,280
4,1070.98,49
1,165.75,37
2,175.5,510
7,1453.61,25
1,1064.28,66
4,1574.93,206
2,1273.47,405
2,468.13,174
7,1921.91,429
10,5130.15,6
3,401.46,24
3,174.8,49
7,2668.23,310
2,697.0600000000001,308
10,3911.27,41
7,2138.9700000000003,25
3,356.85,87
2,251.21,182
11,2470.67,18
6,3543.26,2
4,673.26,46
19,12001.84,16
7,3290.67,16
11,3284.43,22
5,874.94,21
1,110.95,533
3,1007.28,374
5,1314.81,10
7,1223.47,186
6,788.01,99
10,4598.9800000000005,60
12,3749.2599999999998,16
1,163.92,515
2,330.45,32
1,174.37,63
2,206.09,682
2,270.6,0
1,199.45000000000002,490
8,1758.6200000000001,23
1,241.09,107
13,2933.71,30
17,8240.64,18
1,262.4,388
123,27792.3,1
1,364.21999999999997,36
3,620.04,59
16,6197.4,24
1,376.34,478
11,3859.1800000000003,235
11,3466.37,23
26,6271.11,1
9,6030.7300000000005,59
1,171.8,258
2,641.4,56
5,1370.8400000000001,63
2,537.48,14
11,3795.34,8
14,2499.68,57
1,103.25,184
39,14906.77,27
3,2982.43,23
1,349.25,673
11,5197.9,4
8,4007.54,2
9,2627.49,149
4,916.5500000000001,310
4,1353.31,9
7,880.04,17
3,511.28000000000003,150
9,1841.54,18
4,2381.04,9
6,2315.63,56
3,835.34,595
1,788.38,84
3,655.5,653
1,75.6,389
42,6114.03,6
3,1080.76,74
26,6729.400000000001,2
2,679.44,508
2,2605.62,433
5,3859.2200000000003,94
4,4092.0,109
2,1530.3600000000001,55
1,919.7,434
4,598.98,0
3,613.75,279
1,161.65,424
11,5615.18,2
13,2621.42,178
1,143.70000000000002,731
1,460.71,487
1,70.80000000000001,371
7,1374.25,11
1,168.63,2
1,105.56,431
1,14.850000000000001,517
2,433.8,15
1,114.11,39
8,1781.03,4
8,1747.91,168
5,1143.27,49
1,237.36,275
9,1601.14,17
1,135.39,577
1,79.5,370
20,3006.62,423
4,1447.14,14
3,570.46,34
12,3712.0099999999998,20
2,634.83,6
8,2164.45,18
1,229.47,625
6,2201.54,10
2,384.04,43
2,474.54,389
2,865.1700000000001,304
1,213.96,9
1,205.35999999999999,655
1,660.0,273
1,143.85999999999999,632
4,937.16,373
194,30861.06,0
22,24137.63,14
11,3352.94,3
10,1486.2,71
2,24.35,394
2,604.3299999999999,442
1,877.7,414
1,76.32000000000001,679
1,295.13,385
5,951.76,393
5,527.78,241
2,190.47000000000003,401
7,1342.32,8
2,1291.24,244
2,412.78000000000003,204
9,3000.57,0
1,320.58000000000004,183
10,2059.58,31
6,814.07,56
11,4497.88,195
11,5410.92,22
1,462.75,378
5,1998.0,90
2,959.01,3
1,338.65,483
6,2025.69,49
1,114.56,261
1,344.90000000000003,265
4,2124.46,436
1,215.22,452
2,609.85,35
1,106.67999999999999,676
1,443.6,49
9,4978.96,51
10,3667.06,23
1,110.46,20
1,96.12,57
5,1679.89,169
7,2247.72,66
3,876.89,155
152,528602.52,0
2,519.97,200
15,4546.86,415
9,3775.31,3
1,62.5,588
9,2034.1200000000001,66
1,114.18,76
13,3614.54,0
1,246.86,737
7,3878.51,7
5,814.65,168
6,1460.8700000000001,16
2,247.15,4
9,2529.93,7
2,285.74,85
1,107.95,25
7,1416.33,27
2,490.6,429
2,637.89,18
7,2749.65,59
1,195.25,23
54,21927.14,9
1,111.63,444
7,3243.93,240
3,602.0,279
2,1127.45,548
4,1113.14,233
7,3410.81,2
1,173.66,508
2,1066.9,15
12,8356.79,30
1,184.91,591
1,403.39,578
3,1289.44,380
58,57412.77,24
6,875.1500000000001,70
6,1514.81,186
1,146.56,587
6,1468.55,24
8,4619.79,575
5,885.83,413
3,1402.06,105
29,7713.57,6
1,112.8,207
4,794.33,43
5,2114.33,29
12,1745.09,136
7,1165.36,263
1,244.31,616
3,1620.07,518
8,2767.9,3
2,188.60999999999999,217
5,1250.76,0
4,702.6,213
5,3116.26,31
15,4562.09,9
29,6754.22,0
1,318.17,13
11,1813.57,10
1,179.0,197
1,390.69,617
2,139.2,434
5,2212.2799999999997,1
25,8886.33,14
13,1922.59,13
11,2868.8,9
4,1328.0700000000002,28
21,5418.87,8
4,906.24,23
8,1840.45,23
3,565.45,42
1,81.3,732
1,226.42,409
5,1602.13,0
3,663.81,4
1,115.77,378
3,513.37,146
11,2093.06,9
1,345.25,589
4,1315.24,23
1,124.75,653
3,467.92999999999995,273
1,190.58,412
3,907.38,372
7,2005.06,0
3,380.02,46
19,5517.07,7
15,16184.97,15
4,1056.42,424
54,12240.16,2
2,401.08,484
4,3554.17,2
9,1821.9,41
25,12287.5,3
11,4161.06,196
7,1897.59,10
1,579.85,434
1,50.48,591
14,3885.08,15
12,2571.81,111
4,593.5,405
1,328.2,248
10,3152.32,28
1,310.15,478
1,112.03,735
2,126.45,683
1,389.64,42
2,869.51,86
6,1550.48,43
25,9972.550000000001,8
3,2653.76,14
1,420.5,74
7,2864.97,143
3,1625.97,3
1,89.2,296
3,447.92,57
2,417.57,262
1,278.3,45
3,254.11,28
11,6556.13,7
1,382.81,473
2,192.60000000000002,16
18,15771.88,1
8,3637.64,231
2,594.62,620
1,139.26,111
1,140.55,591
1,241.45,527
3,1418.46,57
15,3708.3,50
1,307.56,402
2,730.86,126
3,386.15,279
2,447.68,53
1,200.10000000000002,318
1,307.3,658
3,449.93,25
2,77.4,9
1,90.96,549
1,110.65,470
3,1156.32,6
1,197.64,27
10,2526.62,15
1,303.63,605
1,6.2,62
2,625.9,20
10,1953.9,1
1,131.45000000000002,165
27,10889.64,0
1,300.31,506
8,724.31,51
2,338.15,50
17,7774.32,46
1,193.14,60
2,1502.98,437
3,845.55,161
1,353.27,7
7,1104.64,14
2,303.43,74
2,519.29,389
8,2741.17,38
2,686.76,620
13,2537.02,39
1,170.5,386
1,185.8,597
4,1090.87,368
1,160.46,580
2,778.5,35
1,271.85,196
7,3959.86,199
6,1170.41,72
4,470.16,63
9,1274.76,20
7,1286.45,365
1,157.70000000000002,484
3,321.43,179
10,4022.9100000000003,9
24,4925.08,2
2,385.2,580
1,0.0,664
13,9839.460000000001,195
7,1692.84,28
1,197.13,52
3,1676.57,679
1,322.69,629
1,94.8,497
7,2206.16,16
2,297.0,527
3,102.44999999999999,9
9,3460.32,88
2,773.6700000000001,422
3,915.28,417
2,362.71,266
14,7163.0,52
4,2824.69,42
1,211.79999999999998,435
10,6702.43,62
1,150.0,598
1,437.4,426
3,1348.95,147
1,310.56,403
40,15763.45,20
7,1794.01,310
3,829.4100000000001,22
18,6147.18,57
5,1376.87,23
11,4322.86,77
7,6520.3,118
3,1311.3799999999999,35
7,3651.851,58
1,180.75,504
5,1705.64,11
1,170.32,18
10,1380.73,51
2,841.1999999999999,24
1,266.76,28
4,129.72,6
19,20850.22,9
16,2952.06,184
12,4184.01,2
6,2804.24,7
6,1838.95,260
9,1258.97,2
3,816.6,482
2,854.13,209
1,116.18,534
4,2862.4,106
2,256.7,520
2,437.0,417
25,4105.24,11
1,185.06,683
3,706.19,76
1,255.4,18
14,3628.15,25
5,761.59,17
1,120.6,668
3,1598.12,130
1,364.8,251
1,1862.0,78
1,369.2,206
1,135.9,335
3,817.25,252
4,1106.73,147
1,202.35000000000002,689
3,1809.6100000000001,8
3,1492.81,84
38,25119.54,6
8,2092.42,203
8,3140.54,6
14,3507.81,22
1,1384.88,394
1,13.919999999999998,521
12,2289.65,10
3,1035.6200000000001,24
5,2810.63,20
4,1640.64,1
8,1971.39,156
1,68.44,444
16,6165.79,2
2,381.9,73
3,1404.68,436
4,434.35,1
398,295972.63,0
6,1889.25,15
8,4073.13,34
11,1811.25,90
8,3042.95,69
2,1123.75,595
9,5955.81,114
1,359.35,538
3,1607.17,211
2,1316.07,29
2,843.74,392
1,749.1,49
3,931.01,244
2,359.4,380
1,308.2,395
1,223.91000000000003,626
2,836.69,31
6,5246.63,107
5,1257.68,3
2,1029.66,364
4,1770.0,442
5,3503.5,80
2,2849.83,296
12,12410.81,32
3,1621.88,55
2,2322.43,561
2,531.49,416
1,182.1,577
4,746.56,400
1,107.62,662
18,9784.67,28
1,179.4,412
1,100.9,13
6,1049.79,71
6,1101.97,22
4,515.0,468
1,371.2,18
1,311.69,78
32,17629.35,58
4,1013.77,24
2,503.44,11
1,163.77,731
1,1325.0,420
2,333.29,252
6,957.9399999999999,146
4,695.42,63
2,221.27,7
22,16410.15,9
4,366.91,269
12,3164.48,8
1,206.21,246
2,599.0,95
6,1115.8400000000001,13
6,1982.6100000000001,48
2,504.99,29
1,906.23,702
13,4919.35,67
3,1116.57,34
2,145.07,127
3,1314.45,106
1,114.39,36
2,472.39,56
7,790.86,56
1,31.929999999999996,724
10,3142.14,71
1,439.46,734
1,150.68,736
2,372.92,245
1,237.78,571
1,183.20000000000002,688
6,1271.41,18
2,296.75,197
2,566.9,375
8,1713.85,14
7,2066.6,210
1,342.4,660
2,305.42,611
1,314.67,429
1,210.5,441
1,36.13,562
5,960.63,381
2,233.23000000000002,37
3,442.28999999999996,480
4,776.5999999999999,45
4,770.73,169
1,129.48000000000002,591
1,490.52,46
2,230.85999999999999,393
9,4817.28,114
6,1060.7,472
1,1246.32,146
57,14106.2,14
2,825.14,50
1,156.91,158
2,360.0,479
3,1261.78,11
1,308.94,34
2,416.6,394
3,860.62,52
10,1641.3,486
2,260.17,42
13,2365.02,500
5,630.3,171
1,125.58,32
3,607.46,37
1,266.0,265
1,203.42,378
12,2783.83,7
5,1186.09,10
20,12170.68,2
16,4075.51,8
2,1013.09,32
5,1061.61,79
10,3195.6,29
6,1157.71,7
1,365.1,618
8,1979.91,70
14,3156.58,3
8,13780.65,255
10,2586.67,3
14,8313.4,14
1,252.73000000000002,88
3,465.55,71
2,402.51,375
9,1309.86,57
93,40031.43,8
1,7.49,540
2,294.02,169
2,315.45,198
6,2873.7999999999997,30
35,16204.33,18
2,735.66,150
25,7812.389999999999,8
1,343.62,268
4,482.75,64
1,121.17000000000002,272
5,4193.79,24
9,3935.16,22
1,215.78,318
3,697.79,3
2,302.1,11
3,560.07,473
1,133.45,519
5,3255.96,274
16,3410.03,24
19,3523.57,39
4,303.09,7
124,137818.52,2
8,2585.62,70
1,370.79999999999995,212
4,1254.41,409
5,3326.86,36
1,893.59,52
5,3877.88,77
4,1176.85,45
1,1109.53,178
3,843.25,371
4,1455.56,92
1,187.51999999999998,478
8,2788.02,8
3,1566.33,104
1,773.03,76
3,1447.74,171
2,2428.08,493
51,17761.88,6
11,3767.35,211
2,546.25,426
12,1965.72,21
1,93.35000000000001,667
1,88.2,255
2,965.2,378
1,347.54,728
2,218.53,563
1,306.94,280
2,1160.07,20
6,2420.84,9
1,381.32,307
3,1046.6100000000001,66
3,776.46,214
23,14326.11,17
2,83.0,462
10,3141.64,102
1,219.39000000000001,41
3,908.35,3
3,39916.5,181
1,410.48,83
7,2894.7,332
6,1477.94,7
2,554.67,529
2,703.36,30
2,1027.44,195
9,3094.91,17
5,1422.52,16
9,940.35,310
4,1300.25,140
3,983.1,244
6,1505.8500000000001,22
5,2730.87,28
1,209.4,610
3,3609.33,8
12,3400.12,29
2,531.85,17
4,1352.75,16
8,2485.9700000000003,13
1,244.8,133
1,266.4,244
1,358.82,132
2,457.72,49
11,4497.47,113
5,4656.17,6
4,450.82,21
24,17024.87,24
2,449.49,535
2,711.5,64
5,1783.68,59
22,6860.18,49
1,330.11,168
1,80.28,393
5,977.9300000000001,17
5,1806.9,126
10,1596.29,13
2,305.68,238
3,1286.7,1
2,823.4,519
1,502.52,392
2,178.96,238
8,3243.69,51
7,1388.47,456
6,2619.92,45
2,563.63,224
29,12160.31,7
4,1194.73,3
2,1327.16,163
1,623.5,239
1,301.29,9
5,1554.6100000000001,132
13,9001.08,16
2,2085.61,422
14,5263.83,8
1,329.25,30
3,1388.41,74
1,383.96999999999997,382
3,961.49,0
5,2654.11,2
2,606.02,44
34,22116.73,0
4,589.27,356
1,119.92,387
1,312.9,730
2,304.47,17
9,2068.92,67
1,975.5,372
1,167.16,466
5,1659.67,319
1,106.56,24
2,569.22,381
1,81.15,405
1,1289.5,330
5,1624.05,7
7,1494.6,379
2,481.46,321
1,224.14,70
1,988.04,666
1,948.93,424
1,40.5,259
13,7491.92,17
3,904.4300000000001,366
5,1200.2,65
10,2998.952,153
3,639.93,546
4,689.95,28
1,310.62,69
5,1403.2,13
16,4777.18,0
1,310.43,724
46,17524.38,0
1,834.4399999999999,433
2,588.05,462
5,1981.39,118
1,499.32,59
28,12427.69,2
1,3861.0,1
2,316.25,431
6,1877.51,9
5,571.35,91
10,3122.4,58
1,549.05,493
7,1842.95,86
3,6001.49,419
15,4400.18,24
1,316.58,356
2,653.24,84
4,420.29999999999995,9
3,683.9200000000001,415
6,970.52,0
1,178.98000000000002,729
3,1176.19,224
2,1277.48,59
2,208.28,240
2,328.35,317
8,1661.44,0
7,2422.43,45
2,486.09,86
1,426.24,562
22,11516.57,9
2,685.45,175
6,1778.96,50
4,2465.4500000000003,365
11,3550.91,317
5,1417.95,224
5,871.36,357
1,409.40000000000003,233
1,154.41,309
9,2488.4900000000002,35
6,5580.2699999999995,65
1,160.5,585
2,429.6,238
1,250.26,620
2,612.06,112
1,59.400000000000006,400
1,197.0,275
14,2937.81,216
1,321.05,297
4,1412.32,0
3,1071.99,28
2,780.59,9
12,4459.98,43
11,3050.16,65
1,302.04,421
2,927.2800000000001,73
3,912.08,64
8,4610.84,133
3,780.4,237
3,976.06,121
3,1893.93,410
18,9266.0,30
1,60.0,639
21,20324.54,8
5,2103.41,35
7,2055.09,15
3,1088.35,126
9,3729.42,65
2,170.4,147
2,685.9,282
2,623.16,167
4,1182.3799999999999,511
24,9188.23,99
4,1508.0,134
3,418.82,322
1,156.51,105
2,848.4,63
4,3345.64,150
5,852.21,337
5,1717.36,21
3,961.9000000000001,477
4,1225.3600000000001,22
21,8524.86,14
24,4709.54,6
6,2085.48,56
1,228.96,598
2,716.57,3
1,615.14,36
4,649.53,65
2,476.34,45
4,496.15999999999997,560
5,1580.54,353
3,406.21999999999997,171
16,8543.57,57
1,348.59,569
3,148.33,389
1,24.75,499
1,94.92,406
1,240.55,48
5,856.03,21
10,3883.13,42
5,1593.09,28
26,10496.28,3
40,13846.56,24
1,180.94,200
1,247.5,664
1,233.35,409
1,217.23999999999998,653
12,10342.83,49
3,641.94,9
23,9459.37,1
10,7991.54,66
1,496.44,63
17,7603.4400000000005,49
1,308.0,729
3,1224.18,289
9,919.5500000000001,59
1,93.6,554
9,3484.73,63
1,205.3,94
1,310.47,273
4,797.96,609
1,1634.64,477
208,116771.16,-1
12,2930.19,74
1,52.0,109
3,820.4499999999999,198
2,570.5,63
1,165.0,325
1,129.75,676
1,312.62,2
1,204.5,282
1,267.13,43
12,6709.7300000000005,69
2,1390.86,84
3,434.6,561
1,140.22000000000003,700
8,1602.01,102
5,1700.52,332
1,208.75,51
1,107.24,406
11,2984.33,38
2,714.96,31
2,767.91,498
6,6553.74,365
1,1028.56,207
3,351.67,155
1,173.97,52
1,240.5,400
1,373.02,410
1,283.43,676
7,1827.84,65
1,105.5,560
2,2402.7200000000003,79
1,406.09,128
1,364.5,86
3,563.94,-1
1,393.54,44
3,596.12,331
4,1363.6,365
1,158.04,71
2,473.81,157
2,663.25,372
10,3738.29,11
1,114.95,547
7,3175.95,253
3,284.4,602
2,277.05,28
13,3464.95,30
40,17050.41,3
8,181.35,661
1,427.93,38
4,689.07,360
2,613.08,447
2,1004.11,371
2,913.19,94
13,4557.13,24
7,2389.08,74
11,5081.33,56
2,722.74,20
11,6251.26,491
8,3739.01,39
1,59.400000000000006,661
8,6017.06,136
17,3421.39,7
2,307.32,127
1,60.959999999999994,689
3,1233.3600000000001,39
4,1211.75,381
2,246.5,461
8,4877.84,168
11,3479.0600000000004,7
5,1890.5700000000002,212
12,13733.550000000001,13
4,2027.79,168
3,942.08,39
1,394.14,185
1,468.65,491
1,140.54,269
5,2733.8,171
2,1216.66,395
1,289.87,583
7,2911.62,3
5,891.34,15
11,5286.8,8
1,107.45,324
2,796.38,111
1,94.0,288
2,1345.53,15
3,815.77,0
8,1302.3,91
2,216.95000000000002,451
6,1830.54,147
2,170.88,490
1,257.06,374
2,659.84,188
5,975.87,30
4,1056.44,32
1,267.18,263
1,131.25,720
11,4685.72,83
4,1358.88,25
1,190.53,170
5,6798.72,690
3,774.9000000000001,8
1,572.8100000000001,312
7,4572.82,63
1,508.8,84
2,452.32,424
1,135.86,23
6,743.0,433
10,3805.34,57
7,1619.97,322
3,266.89,37
3,597.78,253
4,1944.57,399
9,2615.39,18
3,1483.14,32
4,762.75,14
2,397.35,25
2,954.75,466
1,153.24,501
2,320.76,22
2,533.3,212
11,2567.06,7
1,149.29,21
3,1122.53,11
2,393.45,261
1,156.57999999999998,130
4,1269.05,403
3,383.68,53
3,1254.21,395
1,594.0,247
14,5175.93,0
2,1418.26,8
2,284.5,263
3,406.95,375
5,492.88,329
2,788.81,311
3,974.52,25
1,429.84,29
2,233.21,433
6,1799.1100000000001,28
7,1388.37,0
2,307.69,361
1,38.25,596
10,2119.27,282
1,237.07,261
2,370.43999999999994,24
2,202.82999999999998,416
1,216.76,353
2,429.7,459
4,737.05,93
1,126.14,28
1,1048.85,337
32,12655.65,18
4,1571.01,84
3,524.88,8
3,1430.48,50
3,874.25,49
1,63.419999999999995,574
3,1316.56,1
1,371.56,112
8,2046.0,13
1,163.1,594
1,454.10999999999996,76
4,2209.98,379
1,368.4,648
3,2024.98,39
1,147.4,732
5,6279.0,115
1,1993.34,400
19,14592.56,14
10,862.2,160
6,4656.0,0
7,5771.51,29
1,102.0,526
1,231.32,678
5,431.92,91
8,2419.61,21
1,217.6,429
6,3100.09,94
2,659.4599999999999,27
9,4314.9800000000005,31
5,3780.05,20
1,246.5,378
1,146.14000000000001,630
9,8657.39,16
44,26039.58,1
1,161.6,722
4,1131.56,7
2,402.5,403
13,13993.47,14
2,267.15,361
4,423.85,80
5,3610.96,51
6,2040.03,21
1,492.36,170
6,1000.27,188
1,166.51,379
1,250.0,329
5,909.23,10
4,331.58,154
35,27750.55,32
17,6598.55,11
1,171.81,386
3,62.43,43
1,267.03,232
15,4218.94,63
2,344.61,382
1,343.5,0
15,7106.69,39
2,398.84,31
16,17359.99,83
2,591.4,23
4,1295.7,1
2,148.44,32
23,5575.64,17
1,229.33,253
12,5111.95,21
5,1813.72,20
2,2007.44,7
10,3771.9,24
3,807.57,18
1,162.25,724
6,1087.82,172
1,259.09,408
1,110.92,162
6,3358.3999999999996,536
1,538.46,6
2,460.68,10
1,85.13000000000001,113
3,918.45,511
2,242.84,287
20,8162.43,8
2,428.05,53
2,1079.1000000000001,605
25,10154.39,6
1,158.09,594
8,2345.96,76
12,2218.8,3
7,1710.08,35
2,252.52,216
1,437.23,59
1,217.2,276
36,12112.35,11
1,279.77,23
1,473.65000000000003,27
1,214.13,638
1,1109.4,567
2,153.52,396
8,1934.3899999999999,10
3,673.3800000000001,350
7,2867.0,21
2,70.74000000000001,462
2,173.16,49
2,227.87,391
1,186.01,17
3,758.29,1
10,3586.35,102
25,9311.04,6
14,4051.63,10
10,4068.67,3
5,1207.18,30
6,1518.7,176
1,30.1,618
1,940.6700000000001,36
5,397.98,150
1,127.1,161
5,1302.5,67
8,1381.19,375
38,7794.59,119
3,682.9100000000001,23
1,107.86,375
6,1277.5,22
1,455.3,175
3,1139.1,591
7,1522.0800000000002,49
1,579.6,676
3,478.53000000000003,254
5,1496.6,381
3,217.9,581
1,388.58,45
1,199.8,69
5,1771.78,14
1,357.6,486
9,3130.04,99
2,563.37,34
2,548.02,52
3,1250.06,25
4,1199.31,427
30,14960.12,10
16,3230.51,7
2,88.48,77
1,216.39,51
9,1936.8,35
17,5230.99,60
9,1708.97,335
5,1785.98,27
1,298.48,183
1,112.46000000000001,50
26,2997.28,8
2,195.15,35
1,433.71999999999997,609
4,3147.36,436
47,21373.97,9
1,317.11,437
3,828.5500000000001,395
4,776.851,31
1,336.40000000000003,9
4,1942.36,55
4,1293.03,3
16,7852.61,42
8,2437.05,140
4,588.13,115
9,3236.4,102
3,1067.52,73
2,566.9,456
17,5652.26,3
4,2240.9,449
3,1481.4,44
1,596.67,641
8,3285.31,14
13,4352.46,508
2,554.65,16
1,100.35,394
4,1444.58,88
5,797.59,51
6,2265.2,377
3,1065.08,133
29,23957.58,3
12,5345.55,104
1,105.78000000000002,728
3,664.0,190
4,813.0,165
3,1055.17,17
5,974.61,156
1,169.0,414
2,657.35,203
4,2170.35,335
2,553.88,520
5,1259.06,35
5,1420.34,90
2,877.4399999999999,91
2,922.53,8
1,560.67,242
4,748.5,44
1,30.0,21
8,2423.4700000000003,189
3,532.49,42
15,2812.99,24
8,1215.95,316
2,283.73,660
1,138.14,105
4,1254.03,49
5,4015.12,167
2,632.9399999999999,471
1,301.32,38
1,76.32000000000001,216
4,684.34,39
2,325.2,295
7,2657.13,17
1,45.300000000000004,724
9,6414.79,87
13,6948.2300000000005,72
4,542.04,80
3,3435.76,17
3,1305.63,48
3,1893.89,51
4,781.28,23
10,4507.58,8
14,2989.7,24
2,318.24,598
2,524.54,116
3,173.95,546
1,55.980000000000004,449
1,90.0,419
9,2993.1,7
1,190.57,417
3,521.03,118
2,239.76,3
4,571.3,251
1,191.04,27
1,37.5,658
24,10810.81,-1
4,1131.04,265
13,3906.57,32
1,246.75,688
1,46.2,623
1,309.65,16
2,696.68,171
4,1542.14,1
2,140.39000000000001,475
1,211.5,263
6,3817.96,139
1,143.1,200
4,1060.56,62
4,945.58,34
9,4378.72,39
2,327.85,282
1,898.87,416
2,420.25,555
12,3472.4100000000003,8
4,1010.79,142
5,784.8100000000001,10
5,658.02,554
11,3056.81,144
5,607.0,233
1,293.79,539
31,10223.06,31
2,741.92,23
1,507.08,10
11,5258.1,34
4,947.65,363
3,310.85,200
1,415.25,14
1,321.91,389
15,9445.51,15
2,544.6,378
3,192.55,211
5,1726.58,64
1,125.3,552
10,1682.07,211
1,162.3,281
4,2263.3,113
1,327.68,420
2,1815.72,434
8,1205.1200000000001,13
41,13372.970000000001,17
1,449.12,65
1,154.88,48
2,208.62,457
1,156.87,618
4,784.46,15
1,34.8,76
4,1094.59,18
1,196.88,133
9,2562.61,11
3,614.7600000000001,39
3,44534.3,234
18,6797.191,1
11,1380.44,459
9,4207.54,38
1,79.2,303
9,3037.61,50
17,5993.12,9
4,532.96,60
6,2940.36,64
1,205.25,23
7,830.9300000000001,217
2,13916.34,629
1,143.05,441
2,583.75,64
2,1086.92,30
8,4503.08,87
1,370.63,665
3,831.06,63
34,15601.09,114
45,88704.32,6
1,321.45,611
3,1006.54,603
1,280.88,417
2,774.52,4
6,1329.94,67
2,150.5,244
1,241.62,132
7,1762.61,240
1,307.95,430
2,124.08000000000001,462
3,475.28000000000003,182
3,345.46,24
4,4014.1,8
1,246.3,9
2,848.3299999999999,466
16,5969.93,31
5,8514.82,45
3,948.05,25
1,221.82999999999998,507
6,1962.01,357
1,220.85,9
5,3608.34,42
2,933.84,398
8,2399.57,13
2,777.0,735
8,1979.8700000000001,148
17,5175.83,0
6,2821.08,112
3,1535.37,491
4,1424.29,74
7,1242.58,106
3,1063.95,45
1,451.42,141
4,1929.66,50
13,4206.39,-1
30,10189.23,22
3,784.58,45
5,1817.52,49
21,18409.93,305
7,1274.44,35
8,2999.04,77
7,3890.52,21
12,5201.47,106
2,1303.9099999999999,206
6,2634.44,15
5,2100.6,62
2,144.14999999999998,541
3,2766.4,419
1,340.5,587
11,3934.79,48
1,206.98,318
2,570.96,43
6,1840.06,2
3,3897.17,371
2,890.94,452
1,532.94,171
4,2598.28,55
27,3794.07,72
1,1108.82,374
2,636.14,98
1,576.0,36
3,801.76,57
1,836.79,253
1,80.4,736
7,3772.9900000000002,69
4,954.09,43
1,137.37,49
2,777.01,63
34,74163.0,10
3,1048.49,32
2,355.56,57
9,2742.41,71
2,548.8,392
1,118.95000000000002,302
1,130.73999999999998,45
11,4426.28,16
1,107.01,384
5,822.57,37
1,139.94,620
6,1058.72,18
1,109.73,525
3,257.26,185
1,110.8,50
20,5583.81,3
6,1052.72,135
52,34220.340000000004,3
2,570.48,17
13,3960.37,14
1,438.46,431
17,2505.21,39
13,4401.79,11
13,2928.29,7
5,358.7,24
7,2180.76,21
5,2248.92,39
1,230.53,100
31,9063.95,4
1,94.53,582
3,323.65999999999997,276
4,862.61,31
1,33.099999999999994,436
4,795.68,13
4,313.91999999999996,498
21,11284.76,62
1,111.72,645
2,1449.1399999999999,408
2,493.28,0
2,330.77,560
4,1157.3,403
1,686.5600000000001,368
5,501.39000000000004,311
8,1495.98,197
2,396.48,1
2,249.70000000000002,431
15,1951.82,91
4,1052.8700000000001,59
3,1027.15,405
3,429.16,79
8,1806.28,155
5,535.65,393
1,524.52,225
1,128.2,668
1,305.28000000000003,480
2,420.29,252
1,179.17,148
2,222.05,193
25,5596.31,0
1,112.5,367
4,900.4,22
7,703.22,15
1,145.01,379
12,8939.84,8
1,164.68,7
1,114.69,542
10,2555.64,18
3,967.45,2
2,764.57,489
1,191.94,172
15,2681.8,-1
8,1702.34,622
9,1074.7,177
1,6.300000000000001,533
2,205.99,377
1,429.21,400
13,3427.17,15
5,560.63,246
3,582.88,189
2,910.61,18
9,571.64,153
4,802.11,171
1,739.0,372
1,254.16,371
1,102.82,730
1,207.15,193
1,134.44,541
1,123.39,646
1,293.53,655
1,594.0,643
1,426.63,66
1,239.9,427
8,2495.87,3
3,1107.46,20
2,2190.66,416
2,416.86,238
2,282.79,378
1,145.35,63
9,734.81,111
16,9060.39,88
1,35.8,310
1,405.0,636
1,337.44,132
2,271.28999999999996,648
4,2164.24,275
4,827.27,364
3,2304.18,501
1,1708.24,81
3,1509.0900000000001,7
2,364.72,15
10,7180.71,30
3,1013.17,7
4,806.57,32
18,3669.5499999999997,14
1,190.75,588
21,8658.36,23
2,617.6,550
3,930.1,30
4,492.99,73
3,579.49,681
4,410.95,373
1,451.28999999999996,378
1,295.83,448
2,470.76,18
1,272.96000000000004,662
13,3013.09,16
1,426.53000000000003,449
12,3041.6,22
1,418.05,387
5,1127.05,1
2,1017.32,302
18,5902.83,16
5,1810.27,455
3,988.44,365
7,3442.15,38
1,371.01,83
6,1746.6399999999999,164
2,1054.73,16
3,3279.42,76
1,329.22,601
7,6593.68,87
21,9362.77,23
1,324.51,604
8,3958.8199999999997,21
30,8759.32,1
7,2715.28,122
2,354.42,29
8,1682.13,11
3,770.09,18
2,372.51,374
7,2010.05,43
1,150.55,533
3,896.6,2
7,2797.57,7
3,1202.18,53
1,696.19,413
7,1686.9,87
16,8308.34,35
1,20.4,734
3,12393.7,1
1,583.39,380
1,169.21,624
10,5613.83,28
5,2146.39,473
10,2436.22,11
2,347.17,210
7,3075.14,46
15,5384.13,22
4,992.71,21
11,1724.06,244
29,5880.46,7
5,2989.79,34
81,57446.44,2
5,1130.27,36
3,705.39,2
11,2533.94,2
5,1553.83,46
4,698.13,38
28,17465.85,45
2,851.01,15
2,532.25,394
1,628.28,259
3,719.81,45
3,484.2,11
1,439.65999999999997,28
1,236.09,42
15,2048.36,90
1,82.2,594
103,122209.14,37
1,331.24,308
2,548.94,91
6,1970.45,455
27,10836.13,4
6,928.72,195
1,217.73,559
4,2556.84,86
5,1509.34,268
3,471.78000000000003,6
2,456.4,422
7,2416.9,64
3,3166.4,29
8,2265.12,21
8,1856.5900000000001,36
1,340.84000000000003,434
8,3434.9300000000003,118
1,235.78,561
1,107.14,681
4,1075.23,372
6,1899.68,39
3,300.7,172
1,188.44,680
1,362.06,53
6,3634.84,31
4,2111.88,144
1,134.8,219
1,664.85,44
9,3854.85,15
1,62.7,405
12,3217.77,64
3,541.95,399
1,89.65,430
8,2863.45,8
2,335.32,259
1,111.0,724
8,2382.62,364
5,1521.87,15
3,3395.29,561
1,122.93,592
1,457.7,416
2,852.15,21
4,1076.8,43
4,4328.89,287
1,122.39999999999999,296
1,265.25,389
2,736.9300000000001,501
10,2234.73,2
1,2300.4,624
2,362.99,282
3,1352.0,15
4,602.5600000000001,80
8,4460.18,55
1,106.75,669
5,2351.42,99
1,436.18,298
12,2343.53,22
10,2864.9900000000002,58
5,1739.92,388
2,1437.43,574
2,271.44,385
1,205.91,623
2,315.06,153
6,1587.94,113
1,17.0,105
10,3695.56,10
1,447.05,455
4,1584.97,263
1,185.04999999999998,239
15,4448.1,86
7,1573.2,49
1,582.64,461
4,3229.16,69
3,1842.14,41
22,6191.71,6
9,2778.61,60
5,2386.19,247
1,108.38,64
7,3204.1600000000003,16
4,2235.92,83
3,939.48,217
4,1819.27,44
1,562.48,427
4,195.73999999999998,142
1,161.38,182
1,135.75000000000003,169
12,2575.14,8
1,612.78,210
3,654.4,188
1,4376.25,651
8,1720.81,7
6,3056.91,58
5,1477.09,56
6,1001.34,72
1,307.78,50
4,1772.49,316
14,4587.65,366
15,14646.800000000001,28
2,801.31,38
11,3801.05,16
3,1396.05,406
4,987.48,421
11,9957.42,50
2,664.1999999999999,543
56,22992.260000000002,2
5,2145.34,20
2,819.45,261
4,946.8,58
1,422.7,679
3,910.35,377
5,1111.15,17
3,1557.6000000000001,64
2,955.94,87
1,535.34,248
12,4910.83,2
1,175.2,245
19,6805.4400000000005,7
4,946.38,156
5,2398.91,132
2,386.62,295
3,422.22,3
11,4395.59,41
1,1829.04,267
11,5133.49,48
5,796.9,380
20,6218.18,7
3,656.69,14
9,628.32,521
4,1232.79,280
2,1025.44,64
43,12831.8,0
1,37.4,251
6,2849.58,231
3,822.48,16
1,79.9,504
2,435.83,427
5,1386.1200000000001,413
64,10636.47,9
4,1822.97,7
20,6869.0,49
1,73.2,58
7,1884.55,94
6,1418.32,14
7,2246.75,125
7,1836.44,93
4,2052.69,420
8,2247.31,49
2,612.6,137
1,215.83,59
13,16249.87,99
1,305.54,72
9,9971.65,71
4,1077.81,66
6,1158.79,63
3,644.72,15
26,9026.11,21
15,6911.4400000000005,30
5,1087.66,43
2,215.48,14
8,2723.55,39
24,15688.02,1
1,351.3,734
2,630.43,235
1,308.59999999999997,374
1,323.25,722
1,93.3,487
9,2016.71,468
2,1030.0410000000002,74
7,942.75,391
12,5643.45,3
5,2112.12,2
9,2501.9900000000002,359
6,1114.54,57
3,944.24,22
7,1830.61,29
13,2602.32,53
1,394.38,24
10,3440.45,43
9,4146.78,87
35,38489.51,0
3,1090.59,87
4,1293.71,18
1,159.0,77
4,2038.25,169
1,242.35,79
1,914.9300000000001,266
2,304.25,234
13,4439.97,28
1,40.8,499
9,2235.5099999999998,35
2,1345.22,317
2,1102.3500000000001,373
5,1616.54,56
15,2867.4100000000003,43
5,672.1700000000001,202
3,1027.22,224
3,890.8100000000001,384
6,2867.86,86
2,542.03,188
4,1078.22,378
7,2712.97,42
9,1965.71,70
3,333.18,475
9,2053.71,39
1,432.2,77
1,136.65,436
1,63.66,421
6,1492.2,55
2,3718.8,23
16,4329.31,8
14,7474.4,7
2,409.1,32
2,2579.38,210
3,1413.66,22
2,827.25,458
1,114.56,169
1,152.94,60
5,1800.07,51
3,791.38,260
1,128.31,511
1,295.09000000000003,381
7,7310.15,65
3,985.14,377
15,4906.8,15
3,1629.37,265
1,46.95,175
15,11942.52,44
3,361.94,409
1,1035.45,49
6,1059.45,16
1,755.15,377
1,351.01,422
2,837.53,437
12,6935.17,8
14,1757.95,72
1,186.66,590
1,667.65,70
1,717.57,436
1,1141.24,352
11,3463.02,1
2,411.7,115
2,336.03999999999996,647
1,715.9,372
4,2151.11,195
3,2629.3900000000003,175
1,188.69,732
3,1117.84,99
9,5705.08,20
1,238.05,724
3,3424.02,71
3,1307.58,338
8,4403.82,4
3,1029.77,30
1,176.9,645
2,328.95,476
5,1006.98,168
1,129.85,469
1,136.31,461
4,2069.3,463
1,117.72,681
5,1253.76,120
13,4657.95,20
1,126.05000000000001,475
4,1328.55,8
4,1313.67,625
1,301.9,267
7,1085.7,21
1,193.65,476
3,1392.43,429
1,107.33,735
1,233.22,125
7,7928.27,24
1,381.66,693
1,361.21999999999997,137
7,1192.82,212
3,1194.92,428
7,5120.0,36
2,706.57,105
2,460.08,413
2,616.26,16
1,171.15,431
2,274.15000000000003,2
3,1491.4,388
2,402.71,329
13,5744.91,63
5,2192.51,118
1,328.15,34
1,404.40000000000003,216
6,5628.99,171
7,604.5500000000001,71
2,326.75,0
2,353.66,195
3,428.68,127
12,3597.5,45
24,4826.99,4
16,10731.34,13
1,310.83,562
4,1703.07,426
7,634.33,16
6,2037.7,431
11,2010.41,27
21,26626.8,6
1,277.48,491
8,2774.0,550
4,3517.69,419
1,151.05,35
1,214.79999999999998,156
1,109.95,283
3,1526.06,106
7,3850.79,23
4,322.41,74
3,687.0699999999999,15
4,842.42,157
2,1198.74,43
1,224.51,384
11,3509.41,10
8,1798.22,31
1,53.5,289
9,2253.89,20
13,3330.0299999999997,331
2,494.44,16
37,9999.460000000001,2
5,1129.51,62
1,416.35,374
6,415.87,196
4,868.37,32
5,2919.65,0
16,2697.75,6
6,3512.53,3
4,896.66,8
6,946.94,31
1,109.36000000000001,52
2,707.04,10
15,3307.2,16
4,1548.1299999999999,17
3,1362.4,36
3,640.21,1
7,2664.81,17
4,1320.56,81
1,157.2,447
5,1328.61,32
2,309.49,381
5,1771.45,65
2,104.0,469
2,987.01,7
2,1308.48,266
3,362.95,246
4,2157.4,3
1,1780.59,60
2,258.7,394
2,353.1,407
7,2974.84,73
4,1358.95,88
5,1030.61,59
3,1102.59,27
5,918.55,321
1,186.05,652
4,1382.07,52
3,467.5,535
4,1103.61,399
3,763.05,268
23,5561.66,1
5,1555.34,55
14,3537.85,59
1,137.8,475
1,127.88,627
2,1705.8,153
3,641.82,18
9,3159.44,93
23,6849.15,0
2,511.4,263
1,177.5,311
1,443.05,69
2,167.25,301
3,552.68,17
13,2821.65,11
1,231.93,590
12,5709.04,35
1,130.32,733
4,910.1899999999999,18
5,647.23,52
2,528.98,55
5,559.71,20
3,719.44,43
9,2972.88,25
1,35.7,491
5,1101.94,43
8,1487.42,111
1,75.0,395
3,526.27,375
108,63651.47,16
1,346.12,23
2,443.06,190
1,302.7,301
10,1908.25,1
2,241.06,262
3,660.28,412
1,284.55,105
7,1117.94,56
3,642.81,212
1,287.4,63
2,384.52,27
12,2741.74,28
3,1011.5699999999999,511
3,329.34,667
2,301.25,380
5,798.35,4
1,310.70000000000005,721
6,3856.9700000000003,6
5,1034.43,66
5,899.47,0
1,162.24,519
17,3656.58,45
4,602.73,32
2,168472.5,-1
3,775.14,134
2,367.87,197
2,707.69,196
3,1505.73,148
3,1013.15,86
2,332.17,629
2,251.71,529
4,30.950000000000003,43
11,4384.37,62
13,6862.91,98
1,208.36,217
30,5715.34,1
1,71.78999999999999,728
3,814.72,27
3,1615.22,176
3,136.0,72
4,1422.4,20
3,1314.68,18
2,746.24,419
15,3838.59,32
7,2869.16,507
3,787.52,73
5,828.91,22
11,2458.6,50
4,1189.98,273
2,789.6,433
4,470.83,163
7,1871.5,6
4,544.3,87
1,350.35,430
11,4320.02,62
3,331.0,24
2,300.83,9
1,769.29,74
1,453.38,681
1,220.62,14
1,139.35,191
2,404.3,172
5,2294.68,76
1,134.36,536
2,209.4,576
3,498.8,32
2,303.7,379
1,205.41000000000003,435
2,1533.16,45
1,385.56,539
7,2132.09,78
1,826.53,295
3,684.41,2
6,2330.77,7
23,6695.28,48
2,100.97,160
8,2578.34,359
9,843.9100000000001,3
1,1237.23,382
2,266.5,619
11,3614.34,105
1,484.38,24
1,777.6,30
2,90.30000000000001,18
1,152.76,571
1,248.8,629
1,363.7,295
6,2100.0,371
6,1819.02,20
4,874.59,3
10,3216.3,51
1,101.69999999999999,29
1,162.7,276
4,959.37,60
4,556.26,24
6,2482.62,185
3,1148.01,414
2,433.36,434
28,11916.33,0
2,308.14,445
48,24582.64,1
2,717.21,170
2,1272.44,80
1,244.41,2
4,2012.0,189
1,48.349999999999994,667
11,2298.33,21
5,8756.64,16
3,1095.56,18
1,635.9,641
3,1001.59,4
1,548.97,109
1,23.35,640
3,399.62,540
10,3732.01,1
1,226.70000000000002,413
1,424.03,734
2,257.32,52
1,292.21,590
4,376.70000000000005,518
2,689.82,163
5,5606.47,289
1,111.71,545
1,30.15,598
35,13182.19,9
18,9435.13,107
7,2237.12,94
2,475.02000000000004,241
33,16644.01,162
8,2841.72,41
6,1915.68,34
17,8012.58,65
2,281.85,23
38,13873.51,-1
1,185.20000000000002,396
8,3048.38,25
2,511.12,4
1,223.85999999999999,475
6,4422.76,52
1,87.8,568
4,773.05,363
5,614.66,14
2,865.6,193
2,1020.9000000000001,426
5,1455.23,2
20,7434.31,14
10,4248.74,25
3,1009.6,126
2,663.61,83
3,1301.78,70
2,540.87,419
1,380.0,665
1,156.6,625
1,295.05,424
1,105.84,181
1,313.62,112
2,531.4,372
5,3163.67,79
2,341.59,592
3,1462.78,247
1,225.15,231
4,1361.28,385
4,612.36,70
2,605.9,399
1,213.5,67
28,7807.91,3
8,1071.1399999999999,49
1,181.09,74
5,1810.18,60
4,579.63,14
1,90.04,3
1,145.04999999999998,284
1,172.8,384
13,2153.41,3
3,684.25,39
2,763.33,35
2,482.47,73
2,432.45,561
1,60.48,723
2,357.66,403
25,5706.87,16
2,1288.72,452
7,5493.46,14
1,75.66,218
6,1785.13,185
9,3245.43,31
1,618.59,69
3,1179.79,181
1,291.5,625
2,500.42,14
1,151.85,234
5,2647.59,30
4,1938.33,262
6,1758.93,2
4,813.48,50
1,225.4,542
4,1015.24,244
2,810.5699999999999,79
5,1654.03,273
17,4413.1,-1
1,322.8,78
7,2318.1,28
2,417.73,72
1,106.80000000000001,406
6,1892.52,480
2,406.4,484
6,2883.1,16
6,1814.61,221
1,473.0,405
5,3802.04,437
4,1154.47,31
15,2430.53,21
4,1747.98,30
1,179.4,396
2,554.5,104
3,1077.45,3
2,923.11,244
2,833.78,176
1,160.39,734
1,678.8,448
4,541.9,168
3,672.8,41
1,306.58000000000004,519
7,1916.11,70
1,136.2,585
16,17550.39,57
2,1212.66,15
8,1711.47,140
13,6548.37,16
30,16833.170000000002,21
4,933.62,8
6,814.07,367
1,39.12,188
7,1879.55,15
4,986.63,539
1,163.8,393
1,165.0,728
1,109.2,568
1,135.39999999999998,361
2,225.94,18
2,570.13,67
13,862.42,14
3,1374.8700000000001,22
20,8030.150000000001,15
3,1692.27,27
20,8134.9400000000005,1
1,188.83,678
2,319.61,53
2,608.86,440
6,2361.9,32
2,880.62,410
12,3109.99,1
3,793.06,365
3,821.45,42
7,1921.84,71
5,1028.0,3
1,320.25,532
54,147142.77,3
2,324.24,60
16,5070.92,46
1,157.63,389
4,1260.86,0
2,422.59999999999997,74
4,353.03,71
2,178.83,417
4,1914.6999999999998,255
5,1199.46,67
1,98.30000000000001,722
2,193.15,560
4,657.9000000000001,134
1,112.75,240
2,1998.0,225
7,994.6,379
25,9167.710000000001,7
26,9916.73,7
4,1110.83,414
2,695.66,617
42,43515.051,-1
3,531.35,36
4,551.11,399
1,656.63,44
14,9087.460000000001,83
22,6349.09,18
9,2868.48,2
12,4266.99,8
32,14560.69,17
4,1529.8,217
2,625.52,77
3,2149.6800000000003,265
14,6986.2300000000005,22
5,3647.53,368
15,3973.3,13
3,795.48,25
1,292.47,261
22,8989.08,16
4,1301.63,90
1,147.35,403
14,1882.11,301
7,2088.41,25
4,1437.42,363
5,1054.67,45
21,7239.92,37
3,743.11,51
1,174.05,647
4,4387.64,30
1,259.68,528
3,650.51,51
14,6270.56,77
5,2956.56,504
2,835.1999999999999,52
1,3.75,296
2,786.43,175
1,236.81,394
1,173.06,624
14,2852.6099999999997,45
14,4253.26,28
7,1304.76,10
17,7194.3,85
42,18066.4,3
2,836.06,36
14,3637.33,16
2,4387.08,590
5,623.93,43
1,1764.72,29
1,415.0,371
1,223.92000000000002,57
29,67502.47,371
7,2900.58,113
7,1312.3700000000001,213
2,270.48,317
1,369.34000000000003,64
3,789.79,6
1,228.0,429
1,316.62,95
3,1501.38,18
2,964.6999999999999,197
13,2799.25,2
2,454.75,293
2,1145.6,272
15,8073.8,29
9,1708.12,46
4,1141.75,259
9,1932.13,56
10,3967.6,32
3,3723.5499999999997,422
3,421.24,56
8,1594.45,66
16,3056.89,9
2,619.85,59
5,1307.76,79
2,245.94,73
53,33268.24,1
3,605.55,99
2,934.25,371
38,10438.41,9
1,391.95,435
5,896.53,18
1,533.78,408
1,51.839999999999996,392
4,1035.43,396
5,1950.3,122
1,80.8,7
6,1545.6200000000001,2
15,4038.69,28
5,623.46,281
1,243.84,56
15,2090.91,0
3,2492.39,364
1,305.62,88
5,1827.77,392
3,848.71,553
2,495.98,431
1,1201.49,10
4,1619.73,162
2,582.61,678
1,332.3,64
3,536.99,22
5,1097.24,172
4,801.49,102
6,2123.88,141
2,288.42,98
9,1727.43,22
2,842.0400000000001,191
2,547.07,3
4,2392.0,359
10,1692.98,7
36,12499.710000000001,13
2,410.97,452
4,417.06,102
13,2804.9,1
11,3349.57,9
2,182.59,464
1,497.61,94
1,113.35,380
1,181.39,685
7,2260.09,226
3,686.24,14
5,1826.89,37
1,341.7,50
5,392.13,392
2,128.5,92
2,513.32,155
4,1207.5,37
1,91.8,563
5,417.61,183
6,2409.04,0
2,898.96,226
6,1538.41,127
4,782.37,38
11,3170.98,30
4,1159.61,196
44,22310.49,7
2,139.85,602
12,4006.06,35
3,1264.19,99
35,19571.43,41
2,614.34,561
1,253.88,617
3,842.41,49
2,614.89,42
4,1411.62,51
1,124.57,185
1,332.41,332
3,342.45,3
2,144.91000000000003,9
2,1408.96,416
2,328.4,22
3,358.49,13
1,352.8,441
10,4668.28,367
7,1932.41,143
3,1610.62,451
5,946.59,58
4,662.33,546
3,998.52,30
2,409.25,433
1,130.95,400
3,207.73999999999998,139
1,76.74000000000001,688
3,393.39,393
4,825.42,21
1,450.15999999999997,468
6,2812.34,21
6,1213.13,76
12,14617.39,3
1,217.74,378
11,4234.53,66
1,136.01,402
6,853.72,11
1,13.3,83
8,1840.86,29
1,432.0,65
3,705.12,65
19,2396.59,186
4,1073.92,36
4,710.74,14
1,134.0,455
3,660.72,34
3,437.15,399
6,2530.9,193
3,285.41,475
11,2056.82,0
7,762.1,0
2,401.77,365
3,1324.06,501
5,1121.42,63
1,103.95,554
2,289.78,298
5,1016.37,25
8,1721.02,6
3,887.11,15
1,204.26,728
1,1706.88,115
3,1062.28,28
21,5132.37,3
17,5034.15,4
7,1448.8,80
9,1707.9,28
1,252.59,721
1,379.14,71
8,1510.06,3
2,255.25,634
13,4480.31,27
3,423.90999999999997,289
1,208.46,35
11,1543.18,8
4,1123.4,22
2,1857.83,275
16,3213.29,48
24,5125.91,155
1,355.45,410
3,446.67,60
1,611.08,571
32,13378.36,11
3,846.75,20
1,125.65,539
5,1421.35,370
3,543.05,114
29,4113.23,79
7,1295.39,2
3,380.55,25
23,5233.62,4
3,440.71,52
9,3181.25,0
6,2110.9900000000002,53
3,535.1,380
2,551.17,24
1,202.1,498
9,7043.18,7
3,449.0,487
8,6427.66,51
1,33.0,610
9,1920.59,11
5,1299.49,210
1,101.36,608
32,8548.16,20
5,1222.04,382
4,955.21,234
7,868.77,137
6,1286.27,2
10,3784.37,55
3,1277.75,133
5,798.78,108
1,20.8,29
20,6081.88,-1
6,1309.41,183
1,308.74,16
2,416.64,238
1,809.44,434
1,117.35000000000001,86
8,2043.43,37
3,794.56,115
1,251.04,408
1,110.55000000000001,186
2,207.85,732
1,201.19,225
7,2154.97,7
1,319.02,188
2,439.43,3
3,650.41,38
1,71.4,625
1,357.21,37
2,786.25,381
1,127.0,385
2,365.5,521
3,926.12,422
1,251.51999999999998,266
4,496.0,394
3,768.88,76
9,2859.74,2
3,1473.3300000000002,254
1,384.06,59
11,3710.22,11
9,10754.8,87
23,10923.16,16
11,4888.75,28
11,2535.9,2
2,382.67,4
6,1133.25,6
2,344.0,217
1,1041.21,420
13,5476.5,9
2,1950.9499999999998,462
9,2123.61,29
3,702.0,287
5,402.0,148
2,484.82,22
2,406.3,395
19,6640.8,-1
7,2571.55,84
4,830.16,401
4,2425.16,45
2,742.36,469
8,1636.32,3
7,1120.1,49
1,81.36,428
1,242.06,550
1,195.36,17
3,671.7,29
1,384.16,724
3,586.33,7
3,1842.56,27
1,552.4,575
28,14110.61,1
6,2287.7,39
11,4012.2,10
2,935.62,541
6,1182.22,441
2,260.0,30
3,800.18,416
3,95.85,44
5,1510.6399999999999,59
3,208.98,184
9,1327.1100000000001,77
3,1593.83,580
7,2137.3,109
1,146.87,62
6,2773.85,10
8,3004.6,546
4,1332.79,85
5,1283.92,15
4,613.59,244
1,176.9,382
1,1267.32,86
2,743.17,29
1,1954.99,603
2,463.25,136
6,1686.28,25
5,1044.3799999999999,1
8,2616.55,31
11,11962.3,24
5,827.6800000000001,112
5,1906.07,156
6,2289.23,84
7,2071.68,116
19,9947.48,1
11,4691.79,95
4,714.39,193
1,413.75,27
1,498.48,129
5,1356.33,27
1,239.55,444
1,128.60000000000002,737
1,294.74,595
3,1179.89,80
9,5602.53,28
1,234.24,265
11,5232.2300000000005,72
6,1208.22,312
13,3638.53,20
3,859.35,57
2,194.7,636
1,228.34,725
3,454.54,723
47,9161.08,11
14,5794.28,27
2,445.32,113
13,3801.2000000000003,27
1,282.05,624
4,1446.09,16
1,203.05,561
10,2241.73,16
6,1242.75,35
1,306.0,577
2,378.2,35
1,118.80000000000001,77
7,957.53,21
6,964.39,24
6,4732.03,32
9,4049.79,108
3,5202.97,34
28,7891.41,122
6,2050.08,6
1,221.53,736
4,1991.01,27
1,128.45,385
13,3149.48,3
18,7811.1,1
11,5594.96,49
1,235.88,591
2,402.20000000000005,321
7,2572.25,21
11,3759.18,14
9,1340.45,1
3,591.0699999999999,380
1,582.17,532
1,971.74,17
7,2507.05,9
1,25.5,260
1,424.3,721
1,474.03,422
2,665.78,158
1,491.23,388
10,16075.42,32
1,174.95,662
8,1295.46,28
3,510.7,164
2,476.58,46
1,205.17,501
6,2322.59,573
8,808.62,4
7,2761.4900000000002,7
1,389.78,647
1,116.19999999999999,287
1,157.02,316
2,606.91,2
1,307.46,232
1,314.74,401
4,570.5,118
3,977.17,160
1,298.89,184
1,259.35,49
9,2070.44,151
5,1155.0300000000002,427
1,157.09,333
1,31.85,519
5,2463.17,4
2,1272.8,451
12,14622.33,14
3,637.1,105
10,1954.16,15
1,231.68,661
6,1133.63,415
7,4417.27,274
25,19584.46,14
1,465.32,246
4,754.33,417
4,1283.75,238
2,924.11,416
2,984.57,0
4,3120.91,511
13,5860.24,104
9,3199.95,21
1,124.88,50
1,143.10000000000002,450
6,1375.65,375
1,231.90000000000003,734
4,2016.5,193
1,213.78,23
1,329.34,74
7,892.46,16
1,591.87,490
19,5151.9,6
5,1980.0,31
5,2099.59,20
17,10209.16,30
1,856.01,443
9,1715.46,27
4,699.78,20
7,2467.35,31
6,1794.32,283
2,206.34,37
3,867.11,378
1,400.2,497
3,1156.73,56
2,178.68,373
2,384.59,288
3,956.5699999999999,77
8,3766.6,4
1,59.9,216
4,1443.69,43
3,902.3199999999999,200
1,119.5,504
1,436.71,730
6,1507.26,177
11,2256.98,55
3,465.37,56
2,321.3,421
6,3347.31,6
2,198.41000000000003,568
3,229.46,590
2,144.0,45
2,467.71,225
13,4592.93,10
5,957.63,105
7,1743.04,57
15,4836.05,27
1,77.83,535
9,2310.04,34
3,812.5,272
1,562.98,654
1,352.9,426
1,1013.01,28
3,1213.88,22
1,145.12,581
4,356.71,386
4,1242.04,52
1,160.65,419
10,5575.88,34
9,5504.6900000000005,174
3,999.35,52
1,204.24,52
1,303.21999999999997,651
1,115.35,394
3,611.6,648
1,253.37,391
14,4046.65,25
3,794.41,252
13,5182.3,39
6,1069.1200000000001,59
1,186.15,463
1,65.05,553
2,218.0,233
18,4192.68,3
2,259.13,30
21,4481.75,23
5,978.52,6
6,1605.01,64
3,873.53,309
1,100.86,500
1,131.15,580
3,900.12,307
12,2022.03,17
13,3177.24,14
2,318.76,95
18,9924.95,263
25,7197.04,11
2,421.52,1
3,560.86,34
1,149.89000000000001,181
8,1904.8799999999999,24
12,1929.26,11
4,1002.08,10
32,7783.1,1
4,1189.45,311
1,130.6,595
12,2744.14,384
5,2889.28,107
69,20889.86,0
5,1826.04,52
2,371.63,203
2,38.92,545
1,282.19,14
2,546.16,119
1,68.03,427
2,384.52,2
3,812.4300000000001,361
2,353.86,115
1,178.26,17
3,470.73,3
4,799.13,39
5,498.93,106
2,192.73,435
2,417.3,395
6,1889.34,147
1,120.95,410
1,230.44,508
11,2757.62,51
1,63.440000000000005,207
1,279.59,423
2,562.9,137
5,517.73,1
2,317.62,126
11,1733.8899999999999,106
1,537.46,384
2,604.4,468
1,210.39,735
4,2148.63,41
1,141.12,423
2,577.38,34
1,114.52,382
1,508.39,401
2,1065.3500000000001,226
2,271.24,240
1,187.82999999999998,56
1,118.85999999999999,437
6,797.8499999999999,373
5,2339.66,129
1,188.46,377
8,2793.16,59
2,428.34,627
3,395.48,20
21,4111.96,25
11,2499.98,8
9,2079.39,30
8,1501.44,2
1,550.8000000000001,307
2,271.75,471
17,3774.23,7
2,467.78999999999996,668
3,556.95,27
1,338.13,729
1,131.78,16
5,957.5600000000001,100
6,1016.08,10
2,393.64,389
2,330.43,20
5,1135.63,13
1,250.04,360
1,111.5,533
1,2135.46,647
20,9782.35,9
11,3999.8900000000003,394
2,4511.76,392
3,330.59000000000003,94
2,1025.1,386
6,3566.56,77
3,644.3,137
1,2328.84,30
17,4904.43,23
43,9650.6,0
1,124.45,419
3,2600.34,45
1,164.28,724
1,29.1,668
6,2895.77,99
6,1741.18,7
5,922.59,375
12,1565.59,14
12,2301.87,16
3,609.5699999999999,279
2,321.95,407
2,152.35,408
1,104.7,672
5,1004.4300000000001,13
4,423.8,21
1,175.2,122
5,838.27,527
1,494.25,84
3,635.15,301
2,508.0,382
1,81.12,471
4,2027.8700000000001,150
17,12142.57,16
3,362.36,93
16,22404.82,28
5,1889.83,155
4,1227.54,378
6,1259.94,354
2,468.11,45
11,1604.68,14
26,5323.0,2
1,228.96,85
9,2476.41,13
5,852.25,178
7,1906.041,7
12,1988.23,35
1,36.25,695
4,3242.0,128
4,3143.46,49
1,285.11,385
5,946.47,310
2,388.14,23
5,866.05,302
2,284.46,10
6,1231.3799999999999,16
5,880.64,48
7,1024.04,238
3,940.86,394
28,12070.42,-1
15,8224.98,11
2,1096.24,431
1,168.4,237
14,2826.14,22
1,979.1999999999999,454
4,446.18,71
6,662.55,16
28,4377.56,39
7,1167.5,39
3,727.11,217
4,660.55,198
4,453.64,69
78,18319.41,22
1,10.95,373
1,404.66,10
3,645.0,433
38,40002.37,7
8,902.28,64
2,309.99,3
3,507.55,18
1,261.11,13
7,2812.77,6
2,784.11,18
11,2691.57,76
61,57224.68,-1
1,149.3,419
2,508.8,162
3,626.56,305
2,381.15,409
1,203.86999999999998,218
1,97.5,507
12,8807.1,38
3,1233.18,21
3,653.38,113
8,4677.05,125
1,114.85,540
23,5096.18,3
2,400.57,35
23,47781.12,3
3,1031.41,0
12,4905.05,332
1,552.9,410
3,316.09000000000003,162
10,7793.51,183
5,1214.72,15
5,1425.38,11
16,4417.52,1
2,560.14,403
6,2249.52,42
1,507.84,78
21,17298.45,28
1,164.18,547
3,670.0600000000001,41
18,6500.52,10
5,1084.43,49
3,1059.41,385
11,3594.76,15
3,1118.95,45
2,759.17,18
13,8077.77,7
1,100.8,70
43,31819.760000000002,-1
5,1357.46,127
4,735.17,31
1,403.3,312
9,1751.39,17
2,569.96,87
7,2373.82,1
1,331.35,410
5,534.06,0
1,373.17,528
5,1422.77,252
1,325.74,654
4,323.58,155
1,293.35,731
15,4620.3,35
1,534.24,218
3,2940.04,146
2,120.9,175
2,541.53,39
45,14556.97,496
13,4951.15,1
51,246973.09,7
6,1721.4,0
2,486.71999999999997,16
10,1547.94,191
1,131.7,202
2,1225.42,364
15,5984.8099999999995,125
2,529.58,14
2,657.3,42
16,2228.27,93
3,757.46,21
2,675.69,59
7,2557.91,15
3,1000.94,157
7,2542.79,424
2,763.28,9
1,102.6,394
3,194.8,9
17,5051.25,15
11,2804.87,43
1,321.65000000000003,473
4,935.1,190
2,607.0,407
1,1047.0,598
1,194.37,78
2,489.86,394
2,1144.3,611
2,1272.8,407
1,389.26000000000005,631
2,902.03,76
4,1255.59,2
2,778.19,486
4,591.73,64
2,209.57,575
1,396.87,260
1,160.55,727
1,336.5,640
2,376.64,57
9,2750.5,-1
17,5981.07,0
3,1122.42,247
1,100.91000000000001,384
1,54.699999999999996,500
3,806.72,6
4,1412.89,357
2,287.25,389
1,272.22,74
2,1341.39,288
3,1138.0,16
2,288.6,219
4,689.1,8
2,558.96,1
18,9565.12,205
5,2435.48,160
1,302.2,74
2,605.58,260
8,4579.23,279
8,6115.14,56
2,514.56,23
61,175603.55,1
18,5467.820000000001,27
3,1158.8,71
2,542.83,127
9,1617.46,30
6,957.55,14
1,153.94,307
2,329.42,424
15,5109.47,16
1,546.81,52
5,1278.06,28
5,1070.71,0
4,652.74,10
3,539.14,360
3,1161.9,358
12,4166.04,3
4,939.37,52
8,3628.5,0
2,1240.25,609
13,3141.51,0
3,1266.82,189
1,65.34,384
1,34.8,433
5,1668.83,52
1,164.4,279
3,364.83,176
2,897.62,28
1,98.42,24
4,1226.57,616
6,1590.6000000000001,23
1,124.46,508
3,341.7,268
1,120.05,548
3,960.69,389
6,1448.54,42
2,727.85,374
4,731.26,232
2,148.86,22
9,2547.64,196
1,306.84,358
12,3085.29,59
4,3757.6,128
5,1952.45,0
5,1057.74,18
2,300.67,204
4,575.46,13
1,259.17,392
1,167.62,511
9,1895.8,93
4,722.34,18
7,1122.38,13
2,392.38,577
3,454.01,23
1,131.83,585
2,901.21,7
9,5356.03,6
1,382.79,632
1,344.14,331
1,100.0,380
5,1703.75,49
10,723.01,70
3,380.6,28
1,185.65,241
1,171.7,666
41,9056.81,7
2,348.75,644
7,1047.33,217
4,753.28,3
5,545.27,251
41,18757.75,-1
5,1450.7,235
1,135.95,559
6,5309.42,6
7,2093.3,108
1,167.4,618
1,181.66,627
7,2939.55,99
18,14049.87,59
3,1479.22,1
8,2776.67,72
1,148.3,737
11,8095.8,2
4,2497.88,84
2,388.79,11
13,4920.67,22
5,3484.09,212
1,409.98,380
1,52.05,476
1,161.67000000000002,16
2,421.48,238
15,7451.13,1
4,1793.48,77
6,945.9300000000001,216
1,160.75,589
1,87.30000000000001,736
1,333.81,375
4,498.53,32
11,1894.34,39
5,1529.49,539
28,8371.98,6
18,5394.86,52
14,4559.150000000001,21
1,390.07,56
6,733.2,129
4,1060.8,172
1,395.33,557
11,4073.2400000000002,4
1,218.52,311
1,81.44,58
6,3175.12,20
2,1130.21,596
7,2383.67,31
4,1568.63,13
8,6067.8,17
1,254.0,601
1,296.36,477
1,75.75,80
10,2455.52,4
2,503.59999999999997,168
7,998.49,0
7,2057.39,30
9,2361.9700000000003,35
3,1265.58,423
1,285.56,18
2,547.0600000000001,30
2,842.4,646
6,615.17,275
6,3168.94,85
5,1824.49,118
2,541.25,372
20,6028.6,0
12,4149.79,218
3,331.65999999999997,64
5,2216.37,59
3,1578.89,137
1,166.08,20
16,5703.52,10
12,4867.72,24
4,1207.56,35
1,117.55,276
9,3652.48,9
5,1674.69,72
1,126.0,429
2,595.42,24
14,3834.79,16
2,359.47,140
2,412.92,660
17,5175.83,24
4,1166.23,17
1,563.1,492
5,2047.8,2
9,3950.7,65
2,347.75,0
10,6142.35,41
1,205.7,226
5,2403.34,14
7,5778.63,49
13,4233.58,0
2,851.7,73
70,38259.6,0
10,2765.84,3
54,36692.91,0
2,599.76,262
7,3577.61,51
3,497.45,22
5,731.2,596
11,4456.78,9
3,819.01,384
1,239.41,42
12,5943.17,15
9,8296.81,6
1,432.68,419
1,304.2,392
2,317.08,387
20,7448.1,29
4,780.0500000000001,357
12,2975.8,126
1,200.47,136
3,1695.97,140
5,1746.04,130
27,7679.59,37
1,338.95,235
1,154.95,259
2,442.0,475
14,6679.97,15
1,417.95,251
6,3144.04,29
4,1094.84,34
2,885.19,167
11,2083.9,2
29,20749.98,3
8,609.3000000000001,184
4,887.9300000000001,186
5,671.01,168
1,293.5,422
2,385.1,9
1,522.91,43
4,1198.09,381
5,1410.18,319
2,489.59999999999997,199
24,15956.97,21
1,376.92,420
2,439.18,231
15,5396.04,36
10,2768.91,25
1,307.21000000000004,658
5,4430.36,95
7,3378.4000000000005,126
3,1033.0,70
11,3439.08,15
7,1092.06,394
1,1060.25,14
5,4238.76,2
1,438.65000000000003,595
20,7773.8,2
6,1708.99,78
8,2470.39,371
2,692.19,37
6,1442.32,52
26,17244.93,1
3,377.44,8
2,168.24,8
13,4183.56,18
18,7730.59,10
6,426.9,388
2,101.1,405
11,2098.48,112
1,229.2,447
7,2649.14,2
2,600.34,476
4,904.1800000000001,239
1,71.4,111
1,358.15,526
3,1026.18,177
9,1797.57,4
1,157.85999999999999,420
1,80.64,358
4,390.56,463
13,4577.53,-1
3,733.7,374
56,9422.45,0
13,5012.53,18
5,1276.91,16
6,918.93,20
1,712.78,31
1,129.75,455
4,86.15,262
5,1623.64,49
4,530.8,157
2,299.61,380
2,413.05,14
7,3509.51,7
17,7103.08,11
5,1143.27,197
4,387.41,55
3,384.77,9
2,585.27,513
9,3328.05,95
1,56.4,253
2,338.56,385
3,665.86,23
1,197.70000000000002,660
3,658.57,20
3,352.91,666
2,188.02,158
2,679.02,381
3,379.91,71
1,112.86,549
3,403.38,52
2,278.74,84
4,2601.4700000000003,151
2,1117.9,72
2,397.15,280
20,2783.61,25
1,106.1,28
2,370.05,466
1,323.04,24
2,147.3,685
2,350.39,178
7,1361.99,39
8,1985.87,21
1,183.09,580
21,6341.89,21
9,1199.01,36
3,798.3299999999999,450
10,5053.12,81
1,184.66,391
3,385.23,375
2,927.03,72
1,546.04,10
3,437.87,394
4,262.64,547
20,11337.39,15
2,374.81,667
47,9609.8,3
7,1165.8899999999999,11
5,1770.8799999999999,13
2,1617.32,374
1,591.96,392
6,112.32,35
6,807.85,3
1,130.18,736
12,6612.5199999999995,70
1,183.56,373
1,334.62,405
5,2188.5,419
2,494.25,420
1,298.4,50
4,731.96,597
1,134.59,373
6,2388.05,4
4,1820.09,21
5,4756.74,297
3,398.7,0
1,35.400000000000006,32
1,155.37,48
1,342.36,722
2,730.47,413
3,350.64,1
1,110.21000000000001,46
8,1593.38,41
13,6722.900000000001,25
1,338.8,41
1,185.72,442
211,70884.07,0
1,430.69,601
2,326.23,302
1,51.559999999999995,105
4,598.19,554
1,2033.1,84
2,129.69,514
30,3650.9,80
8,1063.76,217
151,56600.08,371
6,1563.34,421
5,663.21,10
3,1608.19,406
6,1071.45,184
1,417.94,371
4,1418.03,0
24,28682.24,3
30,12797.65,4
1,148.21,303
4,1015.54,367
18,5127.69,2
4,1279.09,322
12,5745.2,58
5,924.32,11
46,26374.39,29
3,1134.95,141
15,1621.2800000000002,29
1,234.65,385
7,1036.16,106
13,3108.15,1
5,1118.99,203
1,235.87,380
18,6515.88,79
6,683.46,184
1,167.1,687
3,3424.02,398
1,237.61,169
3,1412.33,42
1,178.51999999999998,172
3,824.9200000000001,363
1,133.35000000000002,303
2,313.46,378
7,995.85,2
21,3072.89,2
1,190.19,11
6,1608.38,30
1,111.35,128
25,1820.44,20
7,774.87,211
2,602.09,321
1,203.85999999999999,161
3,244.1,55
1,112.25,224
18,2453.38,70
1,98.0,43
1,256.32,22
9,2585.0,171
4,299.18,84
1,155.8,158
2,112.19999999999999,189
3,260.08,28
1,216.39999999999998,545
1,381.09000000000003,393
1,191.67,20
13,2383.52,70
1,72.9,246
1,291.76,639
5,1411.54,372
1,132.55,736
1,261.7,725
1,366.23,8
6,375.5,309
14,3479.64,57
1,336.43,2
1,242.13,550
2,43.87,627
3,341.28,44
3,396.39,499
2,1840.32,87
54,24516.46,3
10,2423.5,63
1,170.4,542
3,497.0,281
8,3536.7000000000003,10
1,488.16,371
5,1035.49,132
1,294.0,720
3,341.24,44
11,3082.1,10
13,4275.22,34
14,3437.29,133
3,1331.57,28
1,114.69,631
3,1049.15,50
7,686.14,137
1,389.84,4
7,4301.22,7
1,144.29,419
1,99.14,158
16,30393.19,48
4,1433.28,129
1,77.50000000000001,6
1,75.41,422
3,360.35,695
2,149.57999999999998,232
1,176.68,36
1,358.56000000000006,146
116,118628.08,0
7,1432.81,71
4,1636.0800000000002,38
4,819.61,377
1,160.82,539
19,3966.05,4
6,949.9,197
1,12.75,248
1,111.68,65
2,973.88,115
1,140.75,591
3,135.08,170
100,2995.54,20
4,687.42,141
4,651.51,470
2,733.46,30
29,7240.9800000000005,36
10,1974.42,36
2,357.28999999999996,370
4,888.04,372
20,2369.94,165
1,582.59,210
1,161.94,547
1,136.04,240
1,337.04,50
6,1858.06,23
24,7028.83,14
1,706.38,371
2,1565.6299999999999,28
4,1461.76,364
4,757.71,34
4,1033.42,164
1,239.12,409
1,138.18,679
2,171.71,394
5,1191.27,144
1,634.95,21
1,20.8,55
5,1003.64,184
14,489.54,10
1,228.82999999999998,378
6,1527.6100000000001,235
3,320.55,224
1,254.13,388
1,235.19,616
11,2313.32,120
3,495.48,280
3,482.33,378
8,1970.6699999999998,73
3,639.24,379
3,730.9,36
1,124.25,563
6,953.84,11
4,249.92,374
1,358.61,375
1,169.47,361
2,249.72,2
4,997.86,22
1,220.32,391
23,19787.13,69
8,2155.83,234
1,174.8,255
2,527.03,372
1,115.3,722
2,187.29,154
1,166.42,27
1,120.03,3
7,1960.46,31
4,688.0,80
4,297.99,107
1,38.45,50
1,190.48000000000002,542
2,227.06,508
5,1651.79,34
2,389.78,151
6,1177.72,378
2,2074.07,499
1,115.31,97
1,192.05,582
1,433.77,641
2,230.64999999999998,3
1,462.09999999999997,377
1,73.5,333
1,97.97,64
3,793.7,20
5,1276.74,34
11,1563.6399999999999,31
15,167.42,153
1,149.41,555
4,579.17,373
2,357.20000000000005,18
38,8752.38,10
2,281.15,52
3,875.97,23
18,3505.61,3
1,189.4,44
1,189.63,648
2,342.69,380
3,401.73,202
2,556.52,436
2,412.06,358
7,2282.28,633
1,10877.18,563
3,571.07,69
1,176.5,391
14,11195.57,6
2,554.6,287
3,1203.56,392
3,774.06,8
3,306.46,22
2,1185.46,407
28,6488.97,20
6,1632.67,172
2,186.60000000000002,389
11,4495.03,132
26,5866.63,4
3,1440.4,74
1,396.33,39
1,101.69999999999999,288
11,4540.56,25
1,314.1,668
6,1428.63,256
1,247.44,184
12,3877.5200000000004,113
2,1509.04,372
20,5783.29,22
1,151.49,379
18,4338.56,7
4,844.6,216
5,4242.75,44
2,1231.5,17
3,343.45,35
1,703.37,24
1,470.72999999999996,396
3,812.93,15
4,1645.75,329
1,101.34,273
17,14761.519999999999,97
1,167.67000000000002,60
1,428.45,445
1,349.4,420
1,360.85,592
18,16179.44,1
8,4452.71,92
13,6391.52,80
5,2303.09,311
6,1805.28,10
11,4663.32,6
1,550.84,395
1,168.31,126
1,451.56,549
5,629.16,10
137,608821.65,-1
1,105.8,548
1,754.64,36
1,113.48000000000002,36
6,1461.46,328
1,167.13,441
3,848.8100000000001,253
38,9893.96,0
2,435.43,18
1,405.85,588
4,775.96,11
1,152.64000000000001,367
1,220.1,289
1,9.700000000000001,696
13,2154.3,66
1,320.72,24
29,6733.22,9
1,362.24,366
1,111.15,213
2,673.1,148
6,1826.21,7
3,684.59,23
1,111.53,471
4,1142.99,28
1,206.82999999999998,59
4,561.53,18
1,420.04,536
1,112.55000000000001,242
3,1059.39,14
1,222.95999999999998,630
1,226.9,503
1,931.4999999999999,211
2,445.0,597
10,1249.6200000000001,28
5,1631.3600000000001,62
2,145.99,550
1,152.65,294
6,8438.34,16
1,536.41,472
2,882.47,400
2,1019.52,156
2,1000.16,115
19,5058.0,6
11,5617.79,11
2,160.35000000000002,139
2,179.33999999999997,44
1,114.10000000000001,645
7,1624.71,49
3,566.58,31
6,1879.44,133
1,426.69,645
1,246.22,658
5,932.6,2
3,371.62,74
2,941.1700000000001,11
1,215.35,570
2,453.4,8
1,530.15,300
3,1003.88,56
6,1803.1000000000001,14
1,379.16,731
1,728.84,583
1,399.65000000000003,36
1,302.46000000000004,176
1,175.5,622
3,1384.8600000000001,22
16,3770.27,175
1,202.65,59
9,2878.0,32
9,2437.31,57
47,17479.84,13
5,2696.36,85
2,162.5,6
1,176.1,674
1,476.35,357
9,2216.87,30
11,6103.74,127
8,2547.55,8
6,1843.75,3
5,1205.94,23
1,291.13,462
2,632.07,226
1,49.8,14
1,304.25,248
1,329.58,721
1,724.89,630
6,3280.59,14
3,1403.73,76
5,745.62,191
2,529.4,260
1,957.97,70
3,1207.35,164
6,4162.04,81
1,101.16,386
4,1464.31,94
1,230.1,574
17,5425.56,3
1,344.75,682
1,163.8,105
1,447.53000000000003,721
3,1396.99,198
4,504.42,156
3,1993.7,70
2,517.36,35
1,314.65999999999997,552
1,544.47,498
1,360.08,564
1,139.10000000000002,27
7,2768.83,0
5,600.07,24
2,546.72,325
1,232.48000000000002,235
4,1780.34,529
5,2247.4900000000002,88
1,481.75,30
4,945.04,28
4,1142.0,210
17,3562.89,1
6,1921.76,225
6,1424.94,21
1,443.0,91
26,14000.85,3
1,158.95000000000002,262
26,13054.26,2
26,11878.88,43
2,388.75,216
2,779.9,55
28,10803.710000000001,10
9,4291.06,8
28,6880.97,191
4,592.97,80
1,440.0,324
1,179.6,550
3,1796.48,70
12,1795.3500000000001,28
5,987.1,1
1,270.92,514
6,2150.36,217
1,422.58,45
21,2986.9900000000002,8
8,3605.21,71
1,515.78,413
2,568.64,429
18,6324.9800000000005,6
3,758.8199999999999,22
3,839.73,413
2,804.02,121
1,95.34,16
1,349.27,309
9,26278.86,86
7,1542.09,49
1,317.88,641
1,267.9,580
2,303.15,88
1,110.7,386
12,4600.15,38
6,2059.67,463
7,4318.200000000001,23
23,9962.11,171
2,324.24,42
3,577.54,139
3,1213.1599999999999,24
1,603.25,497
2,801.51,71
1,251.1,433
1,269.37,671
6,1490.23,133
1,337.2,365
3,444.55,37
2,680.85,608
9,4385.9800000000005,1
4,357.0,1
1,175.92,29
2,741.85,577
6,1656.52,42
5,1180.05,57
2,414.20000000000005,72
1,231.33999999999997,518
2,488.15000000000003,276
2,201.14,179
2,178.05,6
22,2736.65,2
1,461.68,430
1,427.0,659
2,1296.43,475
7,4182.99,41
