,mean_fit_time,std_fit_time,mean_score_time,std_score_time,param_columntransformer__cat-preprocessor__drop,param_logisticregression__C,param_logisticregression__penalty,param_logisticregression__solver,params,split0_test_score,split1_test_score,split2_test_score,split3_test_score,split4_test_score,mean_test_score,std_test_score,rank_test_score
0,0.2920398235321045,0.04603170449802392,0.043126249313354494,0.011275223818746159,first,0.0035838423180789467,l2,lbfgs,"{'columntransformer__cat-preprocessor__drop': 'first', 'logisticregression__C': 0.0035838423180789467, 'logisticregression__penalty': 'l2', 'logisticregression__solver': 'lbfgs'}",0.834993858332196,0.840977340977341,0.8415233415233415,0.8372918372918373,0.8381108381108381,0.8385794432471109,0.002414555430604112,123
1,0.5247124195098877,0.03824104216583662,0.044654226303100585,0.00770766301191887,first,0.0955093711968911,l2,lbfgs,"{'columntransformer__cat-preprocessor__drop': 'first', 'logisticregression__C': 0.0955093711968911, 'logisticregression__penalty': 'l2', 'logisticregression__solver': 'lbfgs'}",0.8455029343523952,0.8547638547638547,0.8502593502593503,0.8480753480753481,0.8488943488943489,0.8494991672690595,0.0030547587951777985,62
2,0.24521288871765137,0.02851859893944159,0.037033367156982425,0.004835725925654199,first,0.0025839631232051122,l2,lbfgs,"{'columntransformer__cat-preprocessor__drop': 'first', 'logisticregression__C': 0.0025839631232051122, 'logisticregression__penalty': 'l2', 'logisticregression__solver': 'lbfgs'}",0.8324007097038352,0.8330603330603331,0.8377013377013377,0.8327873327873327,0.8353808353808354,0.8342661097267348,0.002008173317848057,134
3,0.5347671985626221,0.10054912658190691,0.04079117774963379,0.006134224351278768,first,8.105926872133866,l2,liblinear,"{'columntransformer__cat-preprocessor__drop': 'first', 'logisticregression__C': 8.105926872133866, 'logisticregression__penalty': 'l2', 'logisticregression__solver': 'liblinear'}",0.8461853418861744,0.8544908544908545,0.8502593502593503,0.8479388479388479,0.849030849030849,0.8495810487212152,0.0027963066244834113,42
4,0.132111120223999,0.02401368826421516,0.0,0.0,first,2.782340117050764,l1,lbfgs,"{'columntransformer__cat-preprocessor__drop': 'first', 'logisticregression__C': 2.782340117050764, 'logisticregression__penalty': 'l1', 'logisticregression__solver': 'lbfgs'}",,,,,,,,167
5,0.08978767395019531,0.005858192796455448,0.0,0.0,,0.005679585333027881,l1,lbfgs,"{'columntransformer__cat-preprocessor__drop': None, 'logisticregression__C': 0.005679585333027881, 'logisticregression__penalty': 'l1', 'logisticregression__solver': 'lbfgs'}",,,,,,,,165
6,0.27010550498962405,0.030830213169908426,0.03546075820922852,0.0024228076929176117,,0.03720025863352966,l2,liblinear,"{'columntransformer__cat-preprocessor__drop': None, 'logisticregression__C': 0.03720025863352966, 'logisticregression__penalty': 'l2', 'logisticregression__solver': 'liblinear'}",0.8455029343523952,0.8533988533988534,0.8502593502593503,0.8475293475293475,0.8488943488943489,0.849116966886859,0.0026559712734305304,77
7,0.34975218772888184,0.018304239512938535,0.03461027145385742,0.0011025786115644483,first,0.02140821087906829,l1,liblinear,"{'columntransformer__cat-preprocessor__drop': 'first', 'logisticregression__C': 0.02140821087906829, 'logisticregression__penalty': 'l1', 'logisticregression__solver': 'liblinear'}",0.8426368227105228,0.8512148512148512,0.8471198471198471,0.8441168441168441,0.8431613431613432,0.8456499416646818,0.003185945284608919,108
8,0.5853862285614013,0.03533754381023085,0.03663415908813476,0.001725265940162151,first,0.1873859216299708,l2,lbfgs,"{'columntransformer__cat-preprocessor__drop': 'first', 'logisticregression__C': 0.1873859216299708, 'logisticregression__penalty': 'l2', 'logisticregression__solver': 'lbfgs'}",0.845775897365907,0.8549003549003549,0.8498498498498499,0.8479388479388479,0.849030849030849,0.8494991598171617,0.00302696095967042,63
9,0.30104894638061525,0.04735956339935681,0.0418337345123291,0.0071572611403678725,first,0.010143856326724794,l1,liblinear,"{'columntransformer__cat-preprocessor__drop': 'first', 'logisticregression__C': 0.010143856326724794, 'logisticregression__penalty': 'l1', 'logisticregression__solver': 'liblinear'}",0.8345844138119285,0.8423423423423423,0.8416598416598416,0.8363363363363363,0.8377013377013377,0.8385248543703574,0.0030131784681753397,124
10,0.5383512496948242,0.03497088104163709,0.03477177619934082,0.0030638625598192614,,8.749546856201949,l2,lbfgs,"{'columntransformer__cat-preprocessor__drop': None, 'logisticregression__C': 8.749546856201949, 'logisticregression__penalty': 'l2', 'logisticregression__solver': 'lbfgs'}",0.8463218233929303,0.8549003549003549,0.8503958503958504,0.8475293475293475,0.8487578487578488,0.8495810449952664,0.002982234252948091,44
11,0.09012074470520019,0.011917925278286912,0.0,0.0,,9.111990421370452,l1,lbfgs,"{'columntransformer__cat-preprocessor__drop': None, 'logisticregression__C': 9.111990421370452, 'logisticregression__penalty': 'l1', 'logisticregression__solver': 'lbfgs'}",,,,,,,,159
12,0.3078143119812012,0.03259709196708567,0.03657965660095215,0.002056537968239433,first,0.19869331798068263,l2,liblinear,"{'columntransformer__cat-preprocessor__drop': 'first', 'logisticregression__C': 0.19869331798068263, 'logisticregression__penalty': 'l2', 'logisticregression__solver': 'liblinear'}",0.8453664528456394,0.8547638547638547,0.84998634998635,0.8482118482118483,0.8483483483483484,0.8493353708312081,0.003094544816333631,72
13,0.09822511672973633,0.020856878525261354,0.0,0.0,,0.0022203411670423004,l1,lbfgs,"{'columntransformer__cat-preprocessor__drop': None, 'logisticregression__C': 0.0022203411670423004, 'logisticregression__penalty': 'l1', 'logisticregression__solver': 'lbfgs'}",,,,,,,,158
14,0.4588151931762695,0.07209030672882673,0.035620927810668945,0.0011948266060482176,first,1.6326941773858579,l2,liblinear,"{'columntransformer__cat-preprocessor__drop': 'first', 'logisticregression__C': 1.6326941773858579, 'logisticregression__penalty': 'l2', 'logisticregression__solver': 'liblinear'}",0.8461853418861744,0.855036855036855,0.8512148512148512,0.8478023478023478,0.849030849030849,0.8498540489942155,0.003067892076468682,7
15,0.5550647258758545,0.03797191386027572,0.03609480857849121,0.0013899564871863845,first,0.040741626331979905,l1,liblinear,"{'columntransformer__cat-preprocessor__drop': 'first', 'logisticregression__C': 0.040741626331979905, 'logisticregression__penalty': 'l1', 'logisticregression__solver': 'liblinear'}",0.8446840453118603,0.8536718536718537,0.8482118482118483,0.8479388479388479,0.8464373464373465,0.8481887883143513,0.003015883944280968,92
16,9.829771471023559,0.8173547216272641,0.04332356452941895,0.01179541084879682,,1.1696776198396683,l1,liblinear,"{'columntransformer__cat-preprocessor__drop': None, 'logisticregression__C': 1.1696776198396683, 'logisticregression__penalty': 'l1', 'logisticregression__solver': 'liblinear'}",0.8460488603794186,0.8551733551733551,0.8502593502593503,0.8478023478023478,0.849030849030849,0.8496629525290642,0.0030868525848366693,25
17,0.3256263732910156,0.021205400121556035,0.0359553337097168,0.005339195798120813,,0.006436831041202486,l2,lbfgs,"{'columntransformer__cat-preprocessor__drop': None, 'logisticregression__C': 0.006436831041202486, 'logisticregression__penalty': 'l2', 'logisticregression__solver': 'lbfgs'}",0.8422273781902552,0.8484848484848485,0.8468468468468469,0.8412503412503413,0.8458913458913458,0.8449401521327274,0.0027596729276766828,111
18,2.5501031398773195,0.28464322211963494,0.03642845153808594,0.004109958763551754,,0.1364573161762118,l1,liblinear,"{'columntransformer__cat-preprocessor__drop': None, 'logisticregression__C': 0.1364573161762118, 'logisticregression__penalty': 'l1', 'logisticregression__solver': 'liblinear'}",0.8461853418861744,0.852989352989353,0.8501228501228502,0.8465738465738466,0.8486213486213486,0.8488985480387145,0.002493036894284368,85
19,1.8106579303741455,0.13541818602050218,0.04357919692993164,0.012170482608820494,first,2.0687639253517625,l1,liblinear,"{'columntransformer__cat-preprocessor__drop': 'first', 'logisticregression__C': 2.0687639253517625, 'logisticregression__penalty': 'l1', 'logisticregression__solver': 'liblinear'}",0.8459123788726628,0.8553098553098553,0.84998634998635,0.8478023478023478,0.8497133497133497,0.849744856336913,0.0031461007084878792,15
20,0.13896331787109376,0.019126320325228752,0.0,0.0,first,0.0025853557046572103,l1,lbfgs,"{'columntransformer__cat-preprocessor__drop': 'first', 'logisticregression__C': 0.0025853557046572103, 'logisticregression__penalty': 'l1', 'logisticregression__solver': 'lbfgs'}",,,,,,,,156
21,0.2640691757202148,0.05790959643899259,0.04339709281921387,0.014041771505024284,,0.001857595170992871,l2,liblinear,"{'columntransformer__cat-preprocessor__drop': None, 'logisticregression__C': 0.001857595170992871, 'logisticregression__penalty': 'l2', 'logisticregression__solver': 'liblinear'}",0.8307629316227652,0.834971334971335,0.8357903357903358,0.8308763308763308,0.8325143325143325,0.8329830531550199,0.002069831770562425,135
22,0.27720136642456056,0.04203289099365005,0.04322562217712402,0.009247929547604788,first,0.01105833031871501,l2,liblinear,"{'columntransformer__cat-preprocessor__drop': 'first', 'logisticregression__C': 0.01105833031871501, 'logisticregression__penalty': 'l2', 'logisticregression__solver': 'liblinear'}",0.8425003412037669,0.8505323505323505,0.8458913458913458,0.8426153426153427,0.8446628446628447,0.84524044498113,0.0029380568281510006,110
23,0.11431341171264649,0.023739370284652752,0.0,0.0,first,0.09990836038999815,l1,lbfgs,"{'columntransformer__cat-preprocessor__drop': 'first', 'logisticregression__C': 0.09990836038999815, 'logisticregression__penalty': 'l1', 'logisticregression__solver': 'lbfgs'}",,,,,,,,153
24,4.298302841186524,0.42389761745121524,0.033472442626953126,0.0015583733040651774,,0.2765204262438021,l1,liblinear,"{'columntransformer__cat-preprocessor__drop': None, 'logisticregression__C': 0.2765204262438021, 'logisticregression__penalty': 'l1', 'logisticregression__solver': 'liblinear'}",0.8450934898321277,0.8551733551733551,0.8508053508053508,0.8468468468468469,0.8491673491673492,0.8494172783650059,0.003476316884108709,71
25,0.26774210929870607,0.06465490367771999,0.0342369556427002,0.0011405711426786948,,0.005239751100791468,l2,liblinear,"{'columntransformer__cat-preprocessor__drop': None, 'logisticregression__C': 0.005239751100791468, 'logisticregression__penalty': 'l2', 'logisticregression__solver': 'liblinear'}",0.8407260816159411,0.8478023478023478,0.8452088452088452,0.8392028392028392,0.8437073437073437,0.8433294915074633,0.003081823757487592,115
26,0.682222557067871,0.09307787017183634,0.04062662124633789,0.011707625933188826,first,0.20177998459971183,l2,lbfgs,"{'columntransformer__cat-preprocessor__drop': 'first', 'logisticregression__C': 0.20177998459971183, 'logisticregression__penalty': 'l2', 'logisticregression__solver': 'lbfgs'}",0.8460488603794186,0.8553098553098553,0.8501228501228502,0.8478023478023478,0.849030849030849,0.8496629525290642,0.003131200525681521,25
27,0.45039119720458987,0.046682983064409156,0.04805588722229004,0.02260428058259755,first,0.04120498137023647,l2,lbfgs,"{'columntransformer__cat-preprocessor__drop': 'first', 'logisticregression__C': 0.04120498137023647, 'logisticregression__penalty': 'l2', 'logisticregression__solver': 'lbfgs'}",0.8471407124334652,0.8520338520338521,0.8495768495768495,0.8478023478023478,0.8479388479388479,0.8488985219570726,0.0017608457837151594,86
28,0.12216706275939941,0.03561230717842114,0.0,0.0,,2.2113489581921506,l1,lbfgs,"{'columntransformer__cat-preprocessor__drop': None, 'logisticregression__C': 2.2113489581921506, 'logisticregression__penalty': 'l1', 'logisticregression__solver': 'lbfgs'}",,,,,,,,175
29,0.630255937576294,0.10462576483523874,0.04517531394958496,0.02016693066114187,first,0.2298536918269388,l2,lbfgs,"{'columntransformer__cat-preprocessor__drop': 'first', 'logisticregression__C': 0.2298536918269388, 'logisticregression__penalty': 'l2', 'logisticregression__solver': 'lbfgs'}",0.8459123788726628,0.8554463554463555,0.8506688506688507,0.8478023478023478,0.8487578487578488,0.8497175563096132,0.0032493857279476198,16
30,0.6201858043670654,0.0750293485339205,0.04743990898132324,0.01306075608662695,first,0.8367737740989662,l2,lbfgs,"{'columntransformer__cat-preprocessor__drop': 'first', 'logisticregression__C': 0.8367737740989662, 'logisticregression__penalty': 'l2', 'logisticregression__solver': 'lbfgs'}",0.8461853418861744,0.8551733551733551,0.8508053508053508,0.8479388479388479,0.8495768495768495,0.8499359490761156,0.003045347326341821,2
31,0.12968916893005372,0.03661808002117547,0.0,0.0,,0.3337872189017045,l1,lbfgs,"{'columntransformer__cat-preprocessor__drop': None, 'logisticregression__C': 0.3337872189017045, 'logisticregression__penalty': 'l1', 'logisticregression__solver': 'lbfgs'}",,,,,,,,198
32,0.14741868972778321,0.03611797611685228,0.0,0.0,first,0.0011988635056197064,l1,lbfgs,"{'columntransformer__cat-preprocessor__drop': 'first', 'logisticregression__C': 0.0011988635056197064, 'logisticregression__penalty': 'l1', 'logisticregression__solver': 'lbfgs'}",,,,,,,,196
33,0.12629709243774415,0.018116274884718748,0.0,0.0,first,0.006314574421924643,l1,lbfgs,"{'columntransformer__cat-preprocessor__drop': 'first', 'logisticregression__C': 0.006314574421924643, 'logisticregression__penalty': 'l1', 'logisticregression__solver': 'lbfgs'}",,,,,,,,195
34,0.0943173885345459,0.00686956028694279,0.0,0.0,first,0.0027347331192067175,l1,lbfgs,"{'columntransformer__cat-preprocessor__drop': 'first', 'logisticregression__C': 0.0027347331192067175, 'logisticregression__penalty': 'l1', 'logisticregression__solver': 'lbfgs'}",,,,,,,,193
35,0.3197634220123291,0.02361571260417608,0.036114072799682616,0.003930991987745684,,0.07378248146473612,l2,liblinear,"{'columntransformer__cat-preprocessor__drop': None, 'logisticregression__C': 0.07378248146473612, 'logisticregression__penalty': 'l2', 'logisticregression__solver': 'liblinear'}",0.8455029343523952,0.8542178542178542,0.8506688506688507,0.8473928473928474,0.8488943488943489,0.8493353671052593,0.0029756437797462568,73
36,10.821397876739502,1.7451838642063215,0.03727636337280273,0.008590636016512778,,1.0621573699327305,l1,liblinear,"{'columntransformer__cat-preprocessor__drop': None, 'logisticregression__C': 1.0621573699327305, 'logisticregression__penalty': 'l1', 'logisticregression__solver': 'liblinear'}",0.8459123788726628,0.8551733551733551,0.8503958503958504,0.8478023478023478,0.8491673491673492,0.8496902562823129,0.0031200071956313164,22
37,1.9526683807373046,0.23982378270315224,0.05019774436950684,0.014284802222507026,,0.0965421846190443,l1,liblinear,"{'columntransformer__cat-preprocessor__drop': None, 'logisticregression__C': 0.0965421846190443, 'logisticregression__penalty': 'l1', 'logisticregression__solver': 'liblinear'}",0.8450934898321277,0.8525798525798526,0.8501228501228502,0.8467103467103467,0.8483483483483484,0.848570977518705,0.0026108933029976335,88
38,1.5749578475952148,0.06747372767581322,0.03710126876831055,0.0016885122513260527,first,1.371183125949557,l1,liblinear,"{'columntransformer__cat-preprocessor__drop': 'first', 'logisticregression__C': 1.371183125949557, 'logisticregression__penalty': 'l1', 'logisticregression__solver': 'liblinear'}",0.8455029343523952,0.8549003549003549,0.8503958503958504,0.8478023478023478,0.8498498498498499,0.8496902674601596,0.003123021746400434,21
39,1.6759724617004395,0.04416849314200755,0.038611412048339844,0.002989241429530183,first,6.7366260608487405,l1,liblinear,"{'columntransformer__cat-preprocessor__drop': 'first', 'logisticregression__C': 6.7366260608487405, 'logisticregression__penalty': 'l1', 'logisticregression__solver': 'liblinear'}",0.8460488603794186,0.8546273546273546,0.8502593502593503,0.8479388479388479,0.8487578487578488,0.8495264523925641,0.0028900252092561775,56
40,0.09515528678894043,0.007634938778726091,0.0,0.0,,2.0284994683173694,l1,lbfgs,"{'columntransformer__cat-preprocessor__drop': None, 'logisticregression__C': 2.0284994683173694, 'logisticregression__penalty': 'l1', 'logisticregression__solver': 'lbfgs'}",,,,,,,,190
41,0.09197359085083008,0.004388811334429592,0.0,0.0,,0.2524008909896199,l1,lbfgs,"{'columntransformer__cat-preprocessor__drop': None, 'logisticregression__C': 0.2524008909896199, 'logisticregression__penalty': 'l1', 'logisticregression__solver': 'lbfgs'}",,,,,,,,182
42,0.24209027290344237,0.012927121952691634,0.033361196517944336,0.0018159260848402295,,0.0018675882148675583,l2,lbfgs,"{'columntransformer__cat-preprocessor__drop': None, 'logisticregression__C': 0.0018675882148675583, 'logisticregression__penalty': 'l2', 'logisticregression__solver': 'lbfgs'}",0.8306264501160093,0.8316953316953317,0.8361998361998362,0.831968331968332,0.8341523341523341,0.8329284568263686,0.0019970714028554595,136
43,0.6370017051696777,0.06687529360443838,0.042570304870605466,0.012291575709676076,,2.098567922827865,l2,lbfgs,"{'columntransformer__cat-preprocessor__drop': None, 'logisticregression__C': 2.098567922827865, 'logisticregression__penalty': 'l2', 'logisticregression__solver': 'lbfgs'}",0.8461853418861744,0.8547638547638547,0.8509418509418509,0.8479388479388479,0.849030849030849,0.8497721489123155,0.002934656121679159,11
44,0.23243279457092286,0.01674409078279101,0.032676315307617186,0.0022457730332602227,,0.016410409206008787,l2,liblinear,"{'columntransformer__cat-preprocessor__drop': None, 'logisticregression__C': 0.016410409206008787, 'logisticregression__penalty': 'l2', 'logisticregression__solver': 'liblinear'}",0.8450934898321277,0.8528528528528528,0.8487578487578488,0.8479388479388479,0.8464373464373465,0.8482160771638046,0.0026375934461181525,91
45,0.21161208152770997,0.009903229240678917,0.037885093688964845,0.002097236617354112,first,0.001904218246222744,l1,liblinear,"{'columntransformer__cat-preprocessor__drop': 'first', 'logisticregression__C': 0.001904218246222744, 'logisticregression__penalty': 'l1', 'logisticregression__solver': 'liblinear'}",0.8067421864337382,0.7992082992082992,0.806033306033306,0.8024843024843025,0.8041223041223041,0.8037180796563899,0.002702932414854695,146
46,1.6640446662902832,0.07213024479368815,0.03871912956237793,0.0028037827898163815,first,1.185537433807904,l1,liblinear,"{'columntransformer__cat-preprocessor__drop': 'first', 'logisticregression__C': 1.185537433807904, 'logisticregression__penalty': 'l1', 'logisticregression__solver': 'liblinear'}",0.8452299713388836,0.8547638547638547,0.8505323505323505,0.8480753480753481,0.8494403494403494,0.8496083748301573,0.0031299049551058093,37
47,0.1982712745666504,0.017546229443789082,0.03646721839904785,0.0015131146387431936,first,0.0029145951374795237,l2,liblinear,"{'columntransformer__cat-preprocessor__drop': 'first', 'logisticregression__C': 0.0029145951374795237, 'logisticregression__penalty': 'l2', 'logisticregression__solver': 'liblinear'}",0.8329466357308585,0.8372918372918373,0.8382473382473382,0.8355173355173355,0.8353808353808354,0.835876796433641,0.0018211447158989872,129
48,0.4902657985687256,0.06270538578634156,0.03870368003845215,0.003977179788476216,first,0.06350631407043465,l2,lbfgs,"{'columntransformer__cat-preprocessor__drop': 'first', 'logisticregression__C': 0.06350631407043465, 'logisticregression__penalty': 'l2', 'logisticregression__solver': 'lbfgs'}",0.8467312679131977,0.8536718536718537,0.8508053508053508,0.8473928473928474,0.8497133497133497,0.8496629338993198,0.0024950773168443633,31
49,0.3127113342285156,0.025337241676880458,0.037893247604370114,0.006313012247946802,first,0.007794104036472024,l2,lbfgs,"{'columntransformer__cat-preprocessor__drop': 'first', 'logisticregression__C': 0.007794104036472024, 'logisticregression__penalty': 'l2', 'logisticregression__solver': 'lbfgs'}",0.8419544151767435,0.8486213486213486,0.8464373464373465,0.8419328419328419,0.8456183456183456,0.8449128595573253,0.002615628420202643,112
50,0.2006923198699951,0.016767329261193547,0.0424809455871582,0.01032036224987428,,0.0012219692446810695,l2,liblinear,"{'columntransformer__cat-preprocessor__drop': None, 'logisticregression__C': 0.0012219692446810695, 'logisticregression__penalty': 'l2', 'logisticregression__solver': 'liblinear'}",0.8246212638187526,0.8251433251433251,0.8289653289653289,0.8254163254163254,0.8258258258258259,0.8259944138339115,0.001536153493403417,139
51,0.6026971817016602,0.034812834884374526,0.036502504348754884,0.0013671275963522695,first,0.2615404118192026,l2,lbfgs,"{'columntransformer__cat-preprocessor__drop': 'first', 'logisticregression__C': 0.2615404118192026, 'logisticregression__penalty': 'l2', 'logisticregression__solver': 'lbfgs'}",0.8459123788726628,0.855036855036855,0.8506688506688507,0.8482118482118483,0.8483483483483484,0.849635656227713,0.0030915246864296384,33
52,0.08905205726623536,0.007498731275067067,0.0,0.0,,3.512952012028512,l1,lbfgs,"{'columntransformer__cat-preprocessor__drop': None, 'logisticregression__C': 3.512952012028512, 'logisticregression__penalty': 'l1', 'logisticregression__solver': 'lbfgs'}",,,,,,,,151
53,0.24205632209777833,0.034693156346577825,0.03692007064819336,0.0011984667325826833,first,0.002187003270923796,l1,liblinear,"{'columntransformer__cat-preprocessor__drop': 'first', 'logisticregression__C': 0.002187003270923796, 'logisticregression__penalty': 'l1', 'logisticregression__solver': 'liblinear'}",0.81029070560939,0.803030303030303,0.8104013104013104,0.8037128037128037,0.8078078078078078,0.8070485861123229,0.0031496844196939244,145
54,0.3301663398742676,0.026370855654187647,0.03471651077270508,0.002225544478054065,,0.20807010620076963,l2,liblinear,"{'columntransformer__cat-preprocessor__drop': None, 'logisticregression__C': 0.20807010620076963, 'logisticregression__penalty': 'l2', 'logisticregression__solver': 'liblinear'}",0.8452299713388836,0.8542178542178542,0.8505323505323505,0.8476658476658476,0.8497133497133497,0.849471874693657,0.0029987570268397504,66
55,0.33967790603637693,0.018217289865151927,0.03657083511352539,0.0047153678003380006,first,0.023515451790347034,l2,lbfgs,"{'columntransformer__cat-preprocessor__drop': 'first', 'logisticregression__C': 0.023515451790347034, 'logisticregression__penalty': 'l2', 'logisticregression__solver': 'lbfgs'}",0.8448205268186161,0.8495768495768495,0.8471198471198471,0.8458913458913458,0.8473928473928474,0.8469602833599013,0.0015987605431343397,99
56,0.09309396743774415,0.002342643503182957,0.0,0.0,first,0.6661412645823187,l1,lbfgs,"{'columntransformer__cat-preprocessor__drop': 'first', 'logisticregression__C': 0.6661412645823187, 'logisticregression__penalty': 'l1', 'logisticregression__solver': 'lbfgs'}",,,,,,,,185
57,0.5325676441192627,0.059059713376501455,0.03284096717834473,0.0006211171624400886,,8.2861705141262,l2,lbfgs,"{'columntransformer__cat-preprocessor__drop': None, 'logisticregression__C': 8.2861705141262, 'logisticregression__penalty': 'l2', 'logisticregression__solver': 'lbfgs'}",0.8461853418861744,0.8546273546273546,0.8501228501228502,0.8478023478023478,0.849030849030849,0.8495537486939153,0.002854902701224674,50
58,0.5040508270263672,0.03945208372618364,0.03393540382385254,0.000543545055663075,first,0.11173553778230513,l2,lbfgs,"{'columntransformer__cat-preprocessor__drop': 'first', 'logisticregression__C': 0.11173553778230513, 'logisticregression__penalty': 'l2', 'logisticregression__solver': 'lbfgs'}",0.845775897365907,0.8540813540813541,0.84998634998635,0.8475293475293475,0.849030849030849,0.8492807595987616,0.0027913267089858655,74
59,1.1163638591766358,0.06300517395611255,0.03551878929138184,0.0010328268696588548,first,0.17210774695943382,l1,liblinear,"{'columntransformer__cat-preprocessor__drop': 'first', 'logisticregression__C': 0.17210774695943382, 'logisticregression__penalty': 'l1', 'logisticregression__solver': 'liblinear'}",0.8445475638051044,0.8542178542178542,0.8502593502593503,0.8473928473928474,0.8483483483483484,0.8489531928047009,0.003213496183107737,82
60,0.5564546108245849,0.033358378808507665,0.03292088508605957,0.00024510090444251415,,0.5592487547953042,l2,lbfgs,"{'columntransformer__cat-preprocessor__drop': None, 'logisticregression__C': 0.5592487547953042, 'logisticregression__penalty': 'l2', 'logisticregression__solver': 'lbfgs'}",0.8459123788726628,0.855036855036855,0.8509418509418509,0.8478023478023478,0.8488943488943489,0.849717556309613,0.0031182977951981082,17
61,0.9989847183227539,0.0548121114107148,0.03992609977722168,0.00892623676747546,first,0.09132688155437085,l1,liblinear,"{'columntransformer__cat-preprocessor__drop': 'first', 'logisticregression__C': 0.09132688155437085, 'logisticregression__penalty': 'l1', 'logisticregression__solver': 'liblinear'}",0.845639415859151,0.8533988533988534,0.8494403494403494,0.846983346983347,0.8479388479388479,0.8486801627241098,0.0026652879128966104,87
62,0.5564864635467529,0.03498507830469537,0.037197303771972653,0.003423642007405753,first,5.592097267608652,l2,lbfgs,"{'columntransformer__cat-preprocessor__drop': 'first', 'logisticregression__C': 5.592097267608652, 'logisticregression__penalty': 'l2', 'logisticregression__solver': 'lbfgs'}",0.8461853418861744,0.8547638547638547,0.8502593502593503,0.8480753480753481,0.8486213486213486,0.8495810487212152,0.0028996742947596144,42
63,0.09013357162475585,0.008764873237727124,0.0,0.0,,0.02015102206559024,l1,lbfgs,"{'columntransformer__cat-preprocessor__drop': None, 'logisticregression__C': 0.02015102206559024, 'logisticregression__penalty': 'l1', 'logisticregression__solver': 'lbfgs'}",,,,,,,,186
64,2.510558557510376,0.27248684363384973,0.03297038078308105,0.001139886376726122,,0.15124362979528932,l1,liblinear,"{'columntransformer__cat-preprocessor__drop': None, 'logisticregression__C': 0.15124362979528932, 'logisticregression__penalty': 'l1', 'logisticregression__solver': 'liblinear'}",0.8453664528456394,0.8536718536718537,0.8502593502593503,0.8464373464373465,0.8488943488943489,0.8489258704217078,0.0029382213734270623,83
65,0.5533060550689697,0.040361781479135724,0.03537640571594238,0.0009799039752457286,first,0.20802296976805595,l2,lbfgs,"{'columntransformer__cat-preprocessor__drop': 'first', 'logisticregression__C': 0.20802296976805595, 'logisticregression__penalty': 'l2', 'logisticregression__solver': 'lbfgs'}",0.8460488603794186,0.8551733551733551,0.8502593502593503,0.8478023478023478,0.849030849030849,0.8496629525290642,0.0030868525848366693,25
66,0.5352519035339356,0.046594814809299716,0.0332085132598877,0.0010584785074837409,,0.16871582983102842,l2,lbfgs,"{'columntransformer__cat-preprocessor__drop': None, 'logisticregression__C': 0.16871582983102842, 'logisticregression__penalty': 'l2', 'logisticregression__solver': 'lbfgs'}",0.8450934898321277,0.853944853944854,0.8510783510783511,0.8473928473928474,0.8498498498498499,0.849471878419606,0.003040519149356848,65
67,0.09883995056152343,0.011258126055876188,0.0,0.0,first,0.3531810029435742,l1,lbfgs,"{'columntransformer__cat-preprocessor__drop': 'first', 'logisticregression__C': 0.3531810029435742, 'logisticregression__penalty': 'l1', 'logisticregression__solver': 'lbfgs'}",,,,,,,,187
68,0.08705124855041504,0.005899463759299278,0.0,0.0,,0.006309076927617498,l1,lbfgs,"{'columntransformer__cat-preprocessor__drop': None, 'logisticregression__C': 0.006309076927617498, 'logisticregression__penalty': 'l1', 'logisticregression__solver': 'lbfgs'}",,,,,,,,161
69,0.09328737258911132,0.002665143227816549,0.0,0.0,first,0.040553655112480845,l1,lbfgs,"{'columntransformer__cat-preprocessor__drop': 'first', 'logisticregression__C': 0.040553655112480845, 'logisticregression__penalty': 'l1', 'logisticregression__solver': 'lbfgs'}",,,,,,,,154
70,0.09647932052612304,0.0072893588602150694,0.0,0.0,first,0.007409260622183485,l1,lbfgs,"{'columntransformer__cat-preprocessor__drop': 'first', 'logisticregression__C': 0.007409260622183485, 'logisticregression__penalty': 'l1', 'logisticregression__solver': 'lbfgs'}",,,,,,,,157
71,0.505714225769043,0.06486747550209697,0.033449411392211914,0.0016381317060190235,,0.05517542469120359,l2,lbfgs,"{'columntransformer__cat-preprocessor__drop': None, 'logisticregression__C': 0.05517542469120359, 'logisticregression__penalty': 'l2', 'logisticregression__solver': 'lbfgs'}",0.8461853418861744,0.8543543543543544,0.8512148512148512,0.8486213486213486,0.8491673491673492,0.8499086490488155,0.0027400782432056665,3
72,0.5236372947692871,0.018711470895721394,0.034041643142700195,0.003102439736031118,,0.2621283551379218,l2,lbfgs,"{'columntransformer__cat-preprocessor__drop': None, 'logisticregression__C': 0.2621283551379218, 'logisticregression__penalty': 'l2', 'logisticregression__solver': 'lbfgs'}",0.8453664528456394,0.8542178542178542,0.8509418509418509,0.8473928473928474,0.8495768495768495,0.8494991709950084,0.003028837703404058,61
73,0.1021496295928955,0.004598385039285341,0.0,0.0,first,4.3182535269206515,l1,lbfgs,"{'columntransformer__cat-preprocessor__drop': 'first', 'logisticregression__C': 4.3182535269206515, 'logisticregression__penalty': 'l1', 'logisticregression__solver': 'lbfgs'}",,,,,,,,169
74,0.23091883659362794,0.0076870034923651916,0.03532991409301758,0.001988461089016638,first,0.003392655239175012,l2,lbfgs,"{'columntransformer__cat-preprocessor__drop': 'first', 'logisticregression__C': 0.003392655239175012, 'logisticregression__penalty': 'l2', 'logisticregression__solver': 'lbfgs'}",0.834174969291661,0.8401583401583401,0.8408408408408409,0.8371553371553372,0.837974337974338,0.8380607650841034,0.0023687684870123482,125
75,1.4735515117645264,0.13103503535854993,0.04697890281677246,0.012742138946577643,first,1.0043746826956812,l1,liblinear,"{'columntransformer__cat-preprocessor__drop': 'first', 'logisticregression__C': 1.0043746826956812, 'logisticregression__penalty': 'l1', 'logisticregression__solver': 'liblinear'}",0.8455029343523952,0.8547638547638547,0.8503958503958504,0.8478023478023478,0.8491673491673492,0.8495264672963593,0.0030814420542900974,54
76,0.1254438877105713,0.018495538437294033,0.0,0.0,first,0.010607423397013793,l1,lbfgs,"{'columntransformer__cat-preprocessor__drop': 'first', 'logisticregression__C': 0.010607423397013793, 'logisticregression__penalty': 'l1', 'logisticregression__solver': 'lbfgs'}",,,,,,,,160
77,0.08365492820739746,0.0030078566193598435,0.0,0.0,,0.30975750029403326,l1,lbfgs,"{'columntransformer__cat-preprocessor__drop': None, 'logisticregression__C': 0.30975750029403326, 'logisticregression__penalty': 'l1', 'logisticregression__solver': 'lbfgs'}",,,,,,,,152
78,0.5396395683288574,0.03438061331967758,0.036504507064819336,0.0016267454066096483,first,3.1949164117656457,l2,lbfgs,"{'columntransformer__cat-preprocessor__drop': 'first', 'logisticregression__C': 3.1949164117656457, 'logisticregression__penalty': 'l2', 'logisticregression__solver': 'lbfgs'}",0.8459123788726628,0.8549003549003549,0.8505323505323505,0.8476658476658476,0.849030849030849,0.8496083562004131,0.003053722911812395,39
79,0.0959477424621582,0.018639214574735198,0.0,0.0,,0.058150820689034065,l1,lbfgs,"{'columntransformer__cat-preprocessor__drop': None, 'logisticregression__C': 0.058150820689034065, 'logisticregression__penalty': 'l1', 'logisticregression__solver': 'lbfgs'}",,,,,,,,184
80,1.4703849315643311,0.07217501436768779,0.045454216003417966,0.019061525666515745,first,1.281768455987583,l1,liblinear,"{'columntransformer__cat-preprocessor__drop': 'first', 'logisticregression__C': 1.281768455987583, 'logisticregression__penalty': 'l1', 'logisticregression__solver': 'liblinear'}",0.8453664528456394,0.8546273546273546,0.8501228501228502,0.8480753480753481,0.8495768495768495,0.8495537710496084,0.0030260536070105684,46
81,0.2625551700592041,0.035544024042987524,0.0419766902923584,0.010077909024368803,first,0.003920625526890592,l2,lbfgs,"{'columntransformer__cat-preprocessor__drop': 'first', 'logisticregression__C': 0.003920625526890592, 'logisticregression__penalty': 'l2', 'logisticregression__solver': 'lbfgs'}",0.834993858332196,0.8427518427518428,0.8415233415233415,0.8382473382473382,0.8393393393393394,0.8393711440388115,0.002701320379144493,120
82,1.3119330883026123,0.11596755656678596,0.04071197509765625,0.0067622094472583605,first,0.300356154953443,l1,liblinear,"{'columntransformer__cat-preprocessor__drop': 'first', 'logisticregression__C': 0.300356154953443, 'logisticregression__penalty': 'l1', 'logisticregression__solver': 'liblinear'}",0.8453664528456394,0.8555828555828556,0.8501228501228502,0.8478023478023478,0.8483483483483484,0.8494445709404082,0.0034254415482516815,69
83,0.24575238227844237,0.016977998706755176,0.03618812561035156,0.0015147058562085013,first,0.010679321941135467,l2,liblinear,"{'columntransformer__cat-preprocessor__drop': 'first', 'logisticregression__C': 0.010679321941135467, 'logisticregression__penalty': 'l2', 'logisticregression__solver': 'liblinear'}",0.8425003412037669,0.8509418509418509,0.8456183456183456,0.8426153426153427,0.8447993447993448,0.8452950450357302,0.0030733640689867173,109
84,0.3802914619445801,0.04065417538230762,0.03402829170227051,0.002392358357941365,,0.8652457022553793,l2,liblinear,"{'columntransformer__cat-preprocessor__drop': None, 'logisticregression__C': 0.8652457022553793, 'logisticregression__penalty': 'l2', 'logisticregression__solver': 'liblinear'}",0.8460488603794186,0.8549003549003549,0.8509418509418509,0.8480753480753481,0.8494403494403494,0.8498813527474643,0.0029819179591242155,5
85,0.2308579444885254,0.01336205436583292,0.031740999221801756,0.0005017767996533534,,0.00273356685615182,l2,lbfgs,"{'columntransformer__cat-preprocessor__drop': None, 'logisticregression__C': 0.00273356685615182, 'logisticregression__penalty': 'l2', 'logisticregression__solver': 'lbfgs'}",0.8345844138119285,0.838929838929839,0.8427518427518428,0.8359268359268359,0.8375648375648376,0.8379515537970568,0.002813768982278623,126
86,0.49327688217163085,0.0330950460832543,0.0353485107421875,0.002602810815123752,first,0.10944767464901389,l2,lbfgs,"{'columntransformer__cat-preprocessor__drop': 'first', 'logisticregression__C': 0.10944767464901389, 'logisticregression__penalty': 'l2', 'logisticregression__solver': 'lbfgs'}",0.845639415859151,0.8540813540813541,0.8501228501228502,0.8473928473928474,0.849030849030849,0.8492534632974105,0.002850864795668691,76
87,0.57072434425354,0.04634262556808105,0.035389041900634764,0.0007558940276020475,first,0.3228931842503296,l2,lbfgs,"{'columntransformer__cat-preprocessor__drop': 'first', 'logisticregression__C': 0.3228931842503296, 'logisticregression__penalty': 'l2', 'logisticregression__solver': 'lbfgs'}",0.8460488603794186,0.8549003549003549,0.8506688506688507,0.8482118482118483,0.8482118482118483,0.8496083524744641,0.0030232558072922234,40
88,0.5023972511291503,0.0372007946882209,0.03511643409729004,0.0009110971392203116,first,0.03168430943264701,l1,liblinear,"{'columntransformer__cat-preprocessor__drop': 'first', 'logisticregression__C': 0.03168430943264701, 'logisticregression__penalty': 'l1', 'logisticregression__solver': 'liblinear'}",0.8445475638051044,0.852989352989353,0.8471198471198471,0.846027846027846,0.846027846027846,0.8473424911939993,0.002939551715978313,98
89,0.2329554557800293,0.016675443330339185,0.03670587539672852,0.008274978525635603,,0.0030958519213737734,l2,lbfgs,"{'columntransformer__cat-preprocessor__drop': None, 'logisticregression__C': 0.0030958519213737734, 'logisticregression__penalty': 'l2', 'logisticregression__solver': 'lbfgs'}",0.8351303398389518,0.840977340977341,0.843024843024843,0.8378378378378378,0.8372918372918373,0.8388524397941621,0.0028015381180447217,122
90,0.3354162693023682,0.01687091533902134,0.039735031127929685,0.011398478309386473,,0.2943716841383685,l2,liblinear,"{'columntransformer__cat-preprocessor__drop': None, 'logisticregression__C': 0.2943716841383685, 'logisticregression__penalty': 'l2', 'logisticregression__solver': 'liblinear'}",0.8453664528456394,0.8542178542178542,0.8508053508053508,0.8476658476658476,0.8495768495768495,0.8495264710223083,0.0029804301129369246,52
91,0.12307424545288086,0.02889672287174314,0.0,0.0,first,1.7003757895187126,l1,lbfgs,"{'columntransformer__cat-preprocessor__drop': 'first', 'logisticregression__C': 1.7003757895187126, 'logisticregression__penalty': 'l1', 'logisticregression__solver': 'lbfgs'}",,,,,,,,164
92,0.40118017196655276,0.006260393396790369,0.03508515357971191,0.0016015375416098625,first,0.05593013819735451,l2,lbfgs,"{'columntransformer__cat-preprocessor__drop': 'first', 'logisticregression__C': 0.05593013819735451, 'logisticregression__penalty': 'l2', 'logisticregression__solver': 'lbfgs'}",0.8467312679131977,0.8533988533988534,0.8509418509418509,0.8471198471198471,0.8494403494403494,0.8495264337628197,0.002474310471054017,59
93,0.08267836570739746,0.006503121095537976,0.0,0.0,,0.46821012588544253,l1,lbfgs,"{'columntransformer__cat-preprocessor__drop': None, 'logisticregression__C': 0.46821012588544253, 'logisticregression__penalty': 'l1', 'logisticregression__solver': 'lbfgs'}",,,,,,,,174
94,0.2281334400177002,0.014997907568329565,0.03482341766357422,0.0010757455166346358,first,0.0389465614099078,l2,liblinear,"{'columntransformer__cat-preprocessor__drop': 'first', 'logisticregression__C': 0.0389465614099078, 'logisticregression__penalty': 'l2', 'logisticregression__solver': 'liblinear'}",0.8459123788726628,0.8513513513513513,0.8475293475293475,0.8461643461643462,0.8461643461643462,0.8474243540164107,0.0020441937342741915,97
95,0.5325811386108399,0.052320246417297336,0.03264298439025879,0.0010917803004878643,,1.1367703251202737,l2,lbfgs,"{'columntransformer__cat-preprocessor__drop': None, 'logisticregression__C': 1.1367703251202737, 'logisticregression__penalty': 'l2', 'logisticregression__solver': 'lbfgs'}",0.8459123788726628,0.8551733551733551,0.8509418509418509,0.8476658476658476,0.8488943488943489,0.849717556309613,0.0031821751278727204,17
96,0.3035618782043457,0.025756195489635144,0.04551906585693359,0.01520841020322128,,0.004387042129717925,l1,liblinear,"{'columntransformer__cat-preprocessor__drop': None, 'logisticregression__C': 0.004387042129717925, 'logisticregression__penalty': 'l1', 'logisticregression__solver': 'liblinear'}",0.8258495973795551,0.8296478296478297,0.8325143325143325,0.8262353262353263,0.8312858312858313,0.8291065834125749,0.002664841403085285,137
97,0.26967949867248536,0.029895063485079768,0.0396730899810791,0.00987365175349537,,0.0035072999668725583,l2,lbfgs,"{'columntransformer__cat-preprocessor__drop': None, 'logisticregression__C': 0.0035072999668725583, 'logisticregression__penalty': 'l2', 'logisticregression__solver': 'lbfgs'}",0.8363586733997543,0.8427518427518428,0.8438438438438438,0.8393393393393394,0.837974337974338,0.8400536074618238,0.002833105850028205,118
98,0.19239335060119628,0.012081374285979945,0.03664093017578125,0.002765575808165674,first,0.001182994108944448,l1,liblinear,"{'columntransformer__cat-preprocessor__drop': 'first', 'logisticregression__C': 0.001182994108944448, 'logisticregression__penalty': 'l1', 'logisticregression__solver': 'liblinear'}",0.7902279241162823,0.7862407862407862,0.7926562926562927,0.7881517881517881,0.7901992901992902,0.7894952162728879,0.002164305834660985,150
99,1.2536412715911864,0.17070983426769082,0.033049726486206056,0.0008972701277623306,,0.061817017755477446,l1,liblinear,"{'columntransformer__cat-preprocessor__drop': None, 'logisticregression__C': 0.061817017755477446, 'logisticregression__penalty': 'l1', 'logisticregression__solver': 'liblinear'}",0.8437286747645694,0.8525798525798526,0.84998634998635,0.8456183456183456,0.8471198471198471,0.847806614013793,0.0031440359786767827,94
100,1.3053984642028809,0.13193584983453743,0.03645510673522949,0.0014183739440709739,first,0.3038221227085979,l1,liblinear,"{'columntransformer__cat-preprocessor__drop': 'first', 'logisticregression__C': 0.3038221227085979, 'logisticregression__penalty': 'l1', 'logisticregression__solver': 'liblinear'}",0.8453664528456394,0.8555828555828556,0.84998634998635,0.8479388479388479,0.8483483483483484,0.8494445709404083,0.003407991074224773,68
101,0.37384538650512694,0.05382532096522798,0.0347353458404541,0.0003717089430626039,first,0.019153026793783043,l2,lbfgs,"{'columntransformer__cat-preprocessor__drop': 'first', 'logisticregression__C': 0.019153026793783043, 'logisticregression__penalty': 'l2', 'logisticregression__solver': 'lbfgs'}",0.844001637778081,0.84998634998635,0.8476658476658476,0.8454818454818455,0.8467103467103467,0.8467692055244942,0.002023569968570322,104
102,0.24171791076660157,0.013394302913137758,0.03469443321228027,0.001475193883764609,first,0.003826203317530939,l2,lbfgs,"{'columntransformer__cat-preprocessor__drop': 'first', 'logisticregression__C': 0.003826203317530939, 'logisticregression__penalty': 'l2', 'logisticregression__solver': 'lbfgs'}",0.8347208953186843,0.8423423423423423,0.8416598416598416,0.8378378378378378,0.8383838383838383,0.8389889511085089,0.002767179520771197,121
103,0.26793484687805175,0.0024611350709707967,0.041080665588378903,0.010775399702021165,,0.006616060540372021,l1,liblinear,"{'columntransformer__cat-preprocessor__drop': None, 'logisticregression__C': 0.006616060540372021, 'logisticregression__penalty': 'l1', 'logisticregression__solver': 'liblinear'}",0.8311723761430326,0.837974337974338,0.8383838383838383,0.8323778323778324,0.8355173355173355,0.8350851440792753,0.00290016911537983,131
104,0.09871721267700195,0.012420098548014874,0.0,0.0,,0.09583278148696893,l1,lbfgs,"{'columntransformer__cat-preprocessor__drop': None, 'logisticregression__C': 0.09583278148696893, 'logisticregression__penalty': 'l1', 'logisticregression__solver': 'lbfgs'}",,,,,,,,180
105,0.570930814743042,0.03999911849748774,0.04122691154479981,0.015672912338187968,,3.2708676758158215,l2,liblinear,"{'columntransformer__cat-preprocessor__drop': None, 'logisticregression__C': 3.2708676758158215, 'logisticregression__penalty': 'l2', 'logisticregression__solver': 'liblinear'}",0.8461853418861744,0.8544908544908545,0.8505323505323505,0.8476658476658476,0.8493038493038493,0.8496356487758152,0.0028380247183790543,35
106,1.4365741729736328,0.06444679474454727,0.044416952133178714,0.016162107500959404,first,0.4942263488670752,l1,liblinear,"{'columntransformer__cat-preprocessor__drop': 'first', 'logisticregression__C': 0.4942263488670752, 'logisticregression__penalty': 'l1', 'logisticregression__solver': 'liblinear'}",0.8453664528456394,0.8555828555828556,0.8497133497133497,0.8480753480753481,0.8488943488943489,0.8495264710223083,0.0033623148279858473,52
107,0.2676107883453369,0.03191489306852066,0.05102715492248535,0.01930658076422173,,0.02319381975341393,l2,liblinear,"{'columntransformer__cat-preprocessor__drop': None, 'logisticregression__C': 0.02319381975341393, 'logisticregression__penalty': 'l2', 'logisticregression__solver': 'liblinear'}",0.845639415859151,0.8518973518973519,0.8495768495768495,0.8476658476658476,0.8471198471198471,0.8483798624238095,0.002163932228863923,90
108,0.2915038585662842,0.03659731532889717,0.03922567367553711,0.00882327476720633,,0.0017808066397628503,l1,liblinear,"{'columntransformer__cat-preprocessor__drop': None, 'logisticregression__C': 0.0017808066397628503, 'logisticregression__penalty': 'l1', 'logisticregression__solver': 'liblinear'}",0.8066057049269824,0.7978432978432979,0.8061698061698062,0.8031668031668031,0.8016653016653017,0.8030901827544381,0.0032065225588682185,147
109,0.2491147994995117,0.018299267285691864,0.03836050033569336,0.0030090530725337184,first,0.046021167719609096,l2,liblinear,"{'columntransformer__cat-preprocessor__drop': 'first', 'logisticregression__C': 0.046021167719609096, 'logisticregression__penalty': 'l2', 'logisticregression__solver': 'liblinear'}",0.8459123788726628,0.8517608517608518,0.8486213486213486,0.8463008463008463,0.846983346983347,0.8479157545078113,0.002134172541408278,93
110,0.4485482692718506,0.09096908453390944,0.04802851676940918,0.02403213983413588,first,5.2807831986530545,l2,liblinear,"{'columntransformer__cat-preprocessor__drop': 'first', 'logisticregression__C': 5.2807831986530545, 'logisticregression__penalty': 'l2', 'logisticregression__solver': 'liblinear'}",0.8460488603794186,0.8546273546273546,0.8503958503958504,0.8478023478023478,0.8488943488943489,0.8495537524198641,0.0029064434527411825,49
111,1.5057276248931886,0.12492023555139245,0.037816524505615234,0.003496072233078459,first,1.838430274931123,l1,liblinear,"{'columntransformer__cat-preprocessor__drop': 'first', 'logisticregression__C': 1.838430274931123, 'logisticregression__penalty': 'l1', 'logisticregression__solver': 'liblinear'}",0.845775897365907,0.8551733551733551,0.8502593502593503,0.8482118482118483,0.8498498498498499,0.849854060172062,0.0030915190146018744,6
112,0.08653202056884765,0.006748362958573373,0.0,0.0,,0.0022816886238876217,l1,lbfgs,"{'columntransformer__cat-preprocessor__drop': None, 'logisticregression__C': 0.0022816886238876217, 'logisticregression__penalty': 'l1', 'logisticregression__solver': 'lbfgs'}",,,,,,,,166
113,0.5523079872131348,0.03931224263567675,0.040771770477294925,0.015784575808750017,,0.10032532142407806,l2,lbfgs,"{'columntransformer__cat-preprocessor__drop': None, 'logisticregression__C': 0.10032532142407806, 'logisticregression__penalty': 'l2', 'logisticregression__solver': 'lbfgs'}",0.8448205268186161,0.8538083538083538,0.8505323505323505,0.8476658476658476,0.8494403494403494,0.8492534856531033,0.002986267093644073,75
114,0.10716824531555176,0.03882326601242023,0.0,0.0,,0.004435318092595572,l1,lbfgs,"{'columntransformer__cat-preprocessor__drop': None, 'logisticregression__C': 0.004435318092595572, 'logisticregression__penalty': 'l1', 'logisticregression__solver': 'lbfgs'}",,,,,,,,200
115,0.2353952407836914,0.013999596836823548,0.035370397567749026,0.0019330935249976787,first,0.003261806307135297,l2,lbfgs,"{'columntransformer__cat-preprocessor__drop': 'first', 'logisticregression__C': 0.003261806307135297, 'logisticregression__penalty': 'l2', 'logisticregression__solver': 'lbfgs'}",0.8348573768254401,0.8386568386568387,0.8405678405678406,0.8361998361998362,0.8372918372918373,0.8375147459083585,0.00197312184528099,128
116,0.525043535232544,0.08684275119893323,0.03471150398254395,0.0023650674786857393,,2.88906714822074,l2,liblinear,"{'columntransformer__cat-preprocessor__drop': None, 'logisticregression__C': 2.88906714822074, 'logisticregression__penalty': 'l2', 'logisticregression__solver': 'liblinear'}",0.8461853418861744,0.8544908544908545,0.8506688506688507,0.8478023478023478,0.8491673491673492,0.8496629488031152,0.0028327271963596466,29
117,0.09661636352539063,0.011594103638224225,0.0,0.0,,1.9008693369121172,l1,lbfgs,"{'columntransformer__cat-preprocessor__drop': None, 'logisticregression__C': 1.9008693369121172, 'logisticregression__penalty': 'l1', 'logisticregression__solver': 'lbfgs'}",,,,,,,,168
118,0.3541104793548584,0.027380411804349813,0.039412641525268556,0.010664347374235703,first,0.019926313255179767,l2,lbfgs,"{'columntransformer__cat-preprocessor__drop': 'first', 'logisticregression__C': 0.019926313255179767, 'logisticregression__penalty': 'l2', 'logisticregression__solver': 'lbfgs'}",0.844138119284837,0.84998634998635,0.8476658476658476,0.8454818454818455,0.8467103467103467,0.8467965018258454,0.001986637119238859,103
119,0.1209366798400879,0.03091136453384761,0.0,0.0,first,1.0405889946957287,l1,lbfgs,"{'columntransformer__cat-preprocessor__drop': 'first', 'logisticregression__C': 1.0405889946957287, 'logisticregression__penalty': 'l1', 'logisticregression__solver': 'lbfgs'}",,,,,,,,173
120,0.2266857147216797,0.012301351869943121,0.034151220321655275,0.0023469251154513548,,0.014095753707328015,l2,liblinear,"{'columntransformer__cat-preprocessor__drop': None, 'logisticregression__C': 0.014095753707328015, 'logisticregression__penalty': 'l2', 'logisticregression__solver': 'liblinear'}",0.8455029343523952,0.8523068523068523,0.8472563472563472,0.846983346983347,0.8465738465738466,0.8477246654945576,0.0023675212584638944,95
121,3.637609672546387,1.2583858845549705,0.041969919204711915,0.010876282216235919,,9.226472131551938,l1,liblinear,"{'columntransformer__cat-preprocessor__drop': None, 'logisticregression__C': 9.226472131551938, 'logisticregression__penalty': 'l1', 'logisticregression__solver': 'liblinear'}",0.8461853418861744,0.8546273546273546,0.8502593502593503,0.8478023478023478,0.8488943488943489,0.8495537486939151,0.002866626182049613,51
122,0.09699783325195313,0.0006695836208826208,0.0,0.0,first,0.4763472122495028,l1,lbfgs,"{'columntransformer__cat-preprocessor__drop': 'first', 'logisticregression__C': 0.4763472122495028, 'logisticregression__penalty': 'l1', 'logisticregression__solver': 'lbfgs'}",,,,,,,,155
123,0.40268611907958984,0.015799577664072396,0.03941478729248047,0.005175483136919736,first,1.1016804395266429,l2,liblinear,"{'columntransformer__cat-preprocessor__drop': 'first', 'logisticregression__C': 1.1016804395266429, 'logisticregression__penalty': 'l2', 'logisticregression__solver': 'liblinear'}",0.8463218233929303,0.8551733551733551,0.8506688506688507,0.8480753480753481,0.8486213486213486,0.8497721451863665,0.0030359619132703597,12
124,0.24714908599853516,0.013196803602665693,0.03303360939025879,0.001350999857776704,,0.0028823396326985427,l1,liblinear,"{'columntransformer__cat-preprocessor__drop': None, 'logisticregression__C': 0.0028823396326985427, 'logisticregression__penalty': 'l1', 'logisticregression__solver': 'liblinear'}",0.8183431145079841,0.8127218127218128,0.8196833196833196,0.8164073164073165,0.8153153153153153,0.8164941757271496,0.0024173205349938918,143
125,0.2999405384063721,0.03793910528431239,0.038237714767456056,0.005049912134180964,first,0.00778550429484105,l2,lbfgs,"{'columntransformer__cat-preprocessor__drop': 'first', 'logisticregression__C': 0.00778550429484105, 'logisticregression__penalty': 'l2', 'logisticregression__solver': 'lbfgs'}",0.8419544151767435,0.8486213486213486,0.8464373464373465,0.8417963417963418,0.8456183456183456,0.8448855595300252,0.0026471120723422364,113
126,0.27466297149658203,0.012251745004192623,0.03380365371704101,0.0020256408153347533,,0.00726156838195086,l1,liblinear,"{'columntransformer__cat-preprocessor__drop': None, 'logisticregression__C': 0.00726156838195086, 'logisticregression__penalty': 'l1', 'logisticregression__solver': 'liblinear'}",0.8311723761430326,0.8392028392028392,0.8383838383838383,0.8333333333333334,0.8359268359268359,0.835603844597976,0.0030192245720983978,130
127,2.001851797103882,0.16720400202029756,0.034460592269897464,0.0014434215322651088,,0.11430043766676519,l1,liblinear,"{'columntransformer__cat-preprocessor__drop': None, 'logisticregression__C': 0.11430043766676519, 'logisticregression__penalty': 'l1', 'logisticregression__solver': 'liblinear'}",0.8461853418861744,0.8531258531258531,0.84998634998635,0.8467103467103467,0.8484848484848485,0.8488985480387147,0.0025049663222306245,84
128,0.20303144454956054,0.01732867400670239,0.037425899505615236,0.0023236661019686764,first,0.0016338911986866391,l1,liblinear,"{'columntransformer__cat-preprocessor__drop': 'first', 'logisticregression__C': 0.0016338911986866391, 'logisticregression__penalty': 'l1', 'logisticregression__solver': 'liblinear'}",0.8053773713661799,0.7951132951132951,0.8034398034398035,0.8011193011193011,0.8005733005733006,0.801124614322376,0.0034608084846344846,148
129,0.41026840209960935,0.037220944437319076,0.04004368782043457,0.005650200421496533,,0.6277424047332851,l2,liblinear,"{'columntransformer__cat-preprocessor__drop': None, 'logisticregression__C': 0.6277424047332851, 'logisticregression__penalty': 'l2', 'logisticregression__solver': 'liblinear'}",0.8460488603794186,0.8547638547638547,0.8508053508053508,0.8480753480753481,0.8487578487578488,0.8496902525563643,0.0029570902514924435,23
130,0.10739493370056152,0.012149405449276934,0.0,0.0,first,4.8418177581107305,l1,lbfgs,"{'columntransformer__cat-preprocessor__drop': 'first', 'logisticregression__C': 4.8418177581107305, 'logisticregression__penalty': 'l1', 'logisticregression__solver': 'lbfgs'}",,,,,,,,194
131,0.10966405868530274,0.028408982978166047,0.0,0.0,,0.03800310634488469,l1,lbfgs,"{'columntransformer__cat-preprocessor__drop': None, 'logisticregression__C': 0.03800310634488469, 'logisticregression__penalty': 'l1', 'logisticregression__solver': 'lbfgs'}",,,,,,,,192
132,0.12460827827453613,0.01932071828417743,0.0,0.0,first,0.5170777346402896,l1,lbfgs,"{'columntransformer__cat-preprocessor__drop': 'first', 'logisticregression__C': 0.5170777346402896, 'logisticregression__penalty': 'l1', 'logisticregression__solver': 'lbfgs'}",,,,,,,,199
133,0.5302018165588379,0.0229255002926877,0.03310708999633789,0.0011009468582465626,,0.4685186666663929,l2,lbfgs,"{'columntransformer__cat-preprocessor__drop': None, 'logisticregression__C': 0.4685186666663929, 'logisticregression__penalty': 'l2', 'logisticregression__solver': 'lbfgs'}",0.845775897365907,0.8549003549003549,0.8506688506688507,0.8475293475293475,0.8486213486213486,0.8494991598171616,0.003132235024415536,64
134,0.5400062084197998,0.028427777102476747,0.03512496948242187,0.0006200323927754137,first,0.5025794199584774,l2,lbfgs,"{'columntransformer__cat-preprocessor__drop': 'first', 'logisticregression__C': 0.5025794199584774, 'logisticregression__penalty': 'l2', 'logisticregression__solver': 'lbfgs'}",0.8461853418861744,0.8546273546273546,0.8503958503958504,0.8479388479388479,0.849030849030849,0.8496356487758152,0.0028511249448575074,35
135,0.5641746520996094,0.04292280409958833,0.03634743690490723,0.004624598113417102,,0.18188257137610903,l2,lbfgs,"{'columntransformer__cat-preprocessor__drop': None, 'logisticregression__C': 0.18188257137610903, 'logisticregression__penalty': 'l2', 'logisticregression__solver': 'lbfgs'}",0.8452299713388836,0.8543543543543544,0.8509418509418509,0.8473928473928474,0.8498498498498499,0.8495537747755572,0.003112068877700184,45
136,0.5267704010009766,0.01796293897918031,0.03270111083984375,0.0007969604915933997,,0.8881702637115002,l2,lbfgs,"{'columntransformer__cat-preprocessor__drop': None, 'logisticregression__C': 0.8881702637115002, 'logisticregression__penalty': 'l2', 'logisticregression__solver': 'lbfgs'}",0.8465947864064419,0.8549003549003549,0.8508053508053508,0.8480753480753481,0.8491673491673492,0.8499086378709689,0.002850031751891156,4
137,0.09831490516662597,0.006818356273928285,0.0,0.0,first,0.17405268219482248,l1,lbfgs,"{'columntransformer__cat-preprocessor__drop': 'first', 'logisticregression__C': 0.17405268219482248, 'logisticregression__penalty': 'l1', 'logisticregression__solver': 'lbfgs'}",,,,,,,,183
138,0.11433439254760742,0.02470086686202555,0.0,0.0,first,1.1777896306302473,l1,lbfgs,"{'columntransformer__cat-preprocessor__drop': 'first', 'logisticregression__C': 1.1777896306302473, 'logisticregression__penalty': 'l1', 'logisticregression__solver': 'lbfgs'}",,,,,,,,179
139,0.47011303901672363,0.051761936427778016,0.03896474838256836,0.0066361726301889775,first,0.02402510913330432,l1,liblinear,"{'columntransformer__cat-preprocessor__drop': 'first', 'logisticregression__C': 0.02402510913330432, 'logisticregression__penalty': 'l1', 'logisticregression__solver': 'liblinear'}",0.8433192302443019,0.8512148512148512,0.8473928473928474,0.8439803439803439,0.8439803439803439,0.8459775233625377,0.002982506275439172,106
140,0.10729303359985351,0.0280559255889233,0.0,0.0,,0.23296764166370118,l1,lbfgs,"{'columntransformer__cat-preprocessor__drop': None, 'logisticregression__C': 0.23296764166370118, 'logisticregression__penalty': 'l1', 'logisticregression__solver': 'lbfgs'}",,,,,,,,178
141,0.37727694511413573,0.05422066109941079,0.032426977157592775,0.001641921551884127,,0.013349106240322355,l1,liblinear,"{'columntransformer__cat-preprocessor__drop': None, 'logisticregression__C': 0.013349106240322355, 'logisticregression__penalty': 'l1', 'logisticregression__solver': 'liblinear'}",0.836631636413266,0.846027846027846,0.8424788424788425,0.8402948402948403,0.8422058422058422,0.8415278014841274,0.003069437889412172,116
142,0.08484554290771484,0.006630238138200957,0.0,0.0,,2.204787887616042,l1,lbfgs,"{'columntransformer__cat-preprocessor__drop': None, 'logisticregression__C': 2.204787887616042, 'logisticregression__penalty': 'l1', 'logisticregression__solver': 'lbfgs'}",,,,,,,,177
143,0.23270854949951172,0.010507915735535655,0.03171525001525879,0.0009301073523856869,,0.0025781843116731017,l2,lbfgs,"{'columntransformer__cat-preprocessor__drop': None, 'logisticregression__C': 0.0025781843116731017, 'logisticregression__penalty': 'l2', 'logisticregression__solver': 'lbfgs'}",0.8339020062781494,0.838929838929839,0.8423423423423423,0.836063336063336,0.8366093366093366,0.8375693720446007,0.0028730297488094025,127
144,0.3084146976470947,0.013855640201134075,0.035221195220947264,0.001342044967658148,first,0.014544346721849195,l2,lbfgs,"{'columntransformer__cat-preprocessor__drop': 'first', 'logisticregression__C': 0.014544346721849195, 'logisticregression__penalty': 'l2', 'logisticregression__solver': 'lbfgs'}",0.8434557117510577,0.8508053508053508,0.8478023478023478,0.8446628446628447,0.8472563472563472,0.8467965204555897,0.002569335528893403,102
145,1.1606657028198242,0.09824241611408317,0.03612661361694336,0.001698290385920088,first,0.16317292171393297,l1,liblinear,"{'columntransformer__cat-preprocessor__drop': 'first', 'logisticregression__C': 0.16317292171393297, 'logisticregression__penalty': 'l1', 'logisticregression__solver': 'liblinear'}",0.8448205268186161,0.8542178542178542,0.8505323505323505,0.8475293475293475,0.8483483483483484,0.8490896854893032,0.003149264929987959,79
146,0.30830698013305663,0.027016940358265303,0.03507356643676758,0.0006522200264067297,first,0.018399236934464727,l1,liblinear,"{'columntransformer__cat-preprocessor__drop': 'first', 'logisticregression__C': 0.018399236934464727, 'logisticregression__penalty': 'l1', 'logisticregression__solver': 'liblinear'}",0.8414084891497202,0.8498498498498499,0.8458913458913458,0.8431613431613432,0.8426153426153427,0.8445852741335204,0.0030140256582414674,114
147,0.5164997577667236,0.02649726471987613,0.03557276725769043,0.004434555902176739,,0.6151789561171576,l2,lbfgs,"{'columntransformer__cat-preprocessor__drop': None, 'logisticregression__C': 0.6151789561171576, 'logisticregression__penalty': 'l2', 'logisticregression__solver': 'lbfgs'}",0.8459123788726628,0.8551733551733551,0.8508053508053508,0.8479388479388479,0.8488943488943489,0.8497448563369131,0.0031389858519134837,14
148,0.26674594879150393,0.043432028719622894,0.03735537528991699,0.010768616697893977,,0.0027286834183490173,l1,liblinear,"{'columntransformer__cat-preprocessor__drop': None, 'logisticregression__C': 0.0027286834183490173, 'logisticregression__penalty': 'l1', 'logisticregression__solver': 'liblinear'}",0.8157499658796233,0.8097188097188097,0.8185913185913186,0.8132678132678133,0.8138138138138138,0.8142283442542759,0.002925106303196692,144
149,0.5219871044158936,0.016634466546337205,0.035008573532104494,0.0015475748213757768,first,0.5203865285751224,l2,lbfgs,"{'columntransformer__cat-preprocessor__drop': 'first', 'logisticregression__C': 0.5203865285751224, 'logisticregression__penalty': 'l2', 'logisticregression__solver': 'lbfgs'}",0.8463218233929303,0.8544908544908545,0.8505323505323505,0.8479388479388479,0.849030849030849,0.8496629450771664,0.00277847892255036,30
150,0.5305365085601806,0.03395916849533512,0.03510317802429199,0.002487729071413884,,6.077948586765069,l2,lbfgs,"{'columntransformer__cat-preprocessor__drop': None, 'logisticregression__C': 6.077948586765069, 'logisticregression__penalty': 'l2', 'logisticregression__solver': 'lbfgs'}",0.8459123788726628,0.8546273546273546,0.8506688506688507,0.8478023478023478,0.8487578487578488,0.8495537561458129,0.002964637095780884,48
151,0.4171896934509277,0.03818722213844388,0.03535447120666504,0.0057732086069077196,,0.8202748393532843,l2,liblinear,"{'columntransformer__cat-preprocessor__drop': None, 'logisticregression__C': 0.8202748393532843, 'logisticregression__penalty': 'l2', 'logisticregression__solver': 'liblinear'}",0.8460488603794186,0.8549003549003549,0.8508053508053508,0.8480753480753481,0.8493038493038493,0.8498267526928643,0.0029769921076854638,8
152,0.38976244926452636,0.01692921491407852,0.03909177780151367,0.01130893698837446,,0.6569483551959026,l2,liblinear,"{'columntransformer__cat-preprocessor__drop': None, 'logisticregression__C': 0.6569483551959026, 'logisticregression__penalty': 'l2', 'logisticregression__solver': 'liblinear'}",0.8460488603794186,0.8547638547638547,0.8508053508053508,0.8479388479388479,0.8487578487578488,0.8496629525290642,0.0029724632536452644,25
153,0.2376089572906494,0.008638277674123644,0.03555583953857422,0.00116627077699773,first,0.024656373125432278,l2,liblinear,"{'columntransformer__cat-preprocessor__drop': 'first', 'logisticregression__C': 0.024656373125432278, 'logisticregression__penalty': 'l2', 'logisticregression__solver': 'liblinear'}",0.8448205268186161,0.8514878514878514,0.8468468468468469,0.8453453453453453,0.8461643461643462,0.8469329833326011,0.00238025685186998,100
154,0.09791970252990723,0.010752445509189995,0.0,0.0,first,0.01246185273215458,l1,lbfgs,"{'columntransformer__cat-preprocessor__drop': 'first', 'logisticregression__C': 0.01246185273215458, 'logisticregression__penalty': 'l1', 'logisticregression__solver': 'lbfgs'}",,,,,,,,181
155,0.5146679878234863,0.0038743821033101183,0.0327815055847168,0.0009173862961001424,,4.170755070342399,l2,lbfgs,"{'columntransformer__cat-preprocessor__drop': None, 'logisticregression__C': 4.170755070342399, 'logisticregression__penalty': 'l2', 'logisticregression__solver': 'lbfgs'}",0.8464583048996861,0.8549003549003549,0.8503958503958504,0.8479388479388479,0.8488943488943489,0.8497175414058177,0.0028908710717842887,20
156,0.2573974609375,0.06576992623676411,0.032652854919433594,0.0015361839572721751,,0.0014424331228260054,l1,liblinear,"{'columntransformer__cat-preprocessor__drop': None, 'logisticregression__C': 0.0014424331228260054, 'logisticregression__penalty': 'l1', 'logisticregression__solver': 'liblinear'}",0.8030571857513307,0.7947037947037947,0.8007098007098007,0.7987987987987988,0.8004368004368004,0.7995412760801051,0.0027742218036510063,149
157,0.23860430717468262,0.015110982598918741,0.0348142147064209,0.0018640550280911927,,0.0033027781252994736,l1,liblinear,"{'columntransformer__cat-preprocessor__drop': None, 'logisticregression__C': 0.0033027781252994736, 'logisticregression__penalty': 'l1', 'logisticregression__solver': 'liblinear'}",0.8213457076566125,0.8192738192738193,0.825006825006825,0.8191373191373191,0.8230958230958231,0.8215718988340799,0.0022530234522379145,141
158,0.20449166297912597,0.0024891423872108274,0.036068058013916014,0.004861546977531391,first,0.0018425601696728312,l2,lbfgs,"{'columntransformer__cat-preprocessor__drop': 'first', 'logisticregression__C': 0.0018425601696728312, 'logisticregression__penalty': 'l2', 'logisticregression__solver': 'lbfgs'}",0.8258495973795551,0.8271908271908271,0.8334698334698335,0.8281463281463282,0.8299208299208299,0.8289154832214749,0.0026350909707251484,138
159,0.21630821228027344,0.008463305872416166,0.031568384170532225,0.0008618993098117052,,0.002223406308886015,l2,lbfgs,"{'columntransformer__cat-preprocessor__drop': None, 'logisticregression__C': 0.002223406308886015, 'logisticregression__penalty': 'l2', 'logisticregression__solver': 'lbfgs'}",0.8315818206633001,0.8344253344253344,0.8382473382473382,0.8336063336063336,0.8367458367458367,0.8349213327376287,0.002346005347917055,132
160,0.0800567626953125,0.001641556754431398,0.0,0.0,,0.09518390796968343,l1,lbfgs,"{'columntransformer__cat-preprocessor__drop': None, 'logisticregression__C': 0.09518390796968343, 'logisticregression__penalty': 'l1', 'logisticregression__solver': 'lbfgs'}",,,,,,,,188
161,0.2567606925964355,0.024912585838548378,0.03195466995239258,0.0006291101238604219,,0.0031145373729292375,l1,liblinear,"{'columntransformer__cat-preprocessor__drop': None, 'logisticregression__C': 0.0031145373729292375, 'logisticregression__penalty': 'l1', 'logisticregression__solver': 'liblinear'}",0.8199808925890542,0.8166803166803167,0.8213213213213213,0.8177723177723177,0.8205023205023205,0.8192514337730661,0.0017423943000576736,142
162,0.1003343105316162,0.006355706876559747,0.0,0.0,first,2.7649476031356777,l1,lbfgs,"{'columntransformer__cat-preprocessor__drop': 'first', 'logisticregression__C': 2.7649476031356777, 'logisticregression__penalty': 'l1', 'logisticregression__solver': 'lbfgs'}",,,,,,,,189
163,0.32570314407348633,0.027060047016742205,0.042497777938842775,0.014361499567659478,first,0.11271122452903184,l2,liblinear,"{'columntransformer__cat-preprocessor__drop': 'first', 'logisticregression__C': 0.11271122452903184, 'logisticregression__penalty': 'l2', 'logisticregression__solver': 'liblinear'}",0.8463218233929303,0.8536718536718537,0.8495768495768495,0.8472563472563472,0.8482118482118483,0.8490077444219658,0.002568766643953349,81
164,0.11589503288269043,0.01816829717425262,0.0,0.0,first,0.31871163566449895,l1,lbfgs,"{'columntransformer__cat-preprocessor__drop': 'first', 'logisticregression__C': 0.31871163566449895, 'logisticregression__penalty': 'l1', 'logisticregression__solver': 'lbfgs'}",,,,,,,,191
165,0.23293304443359375,0.007743650218963357,0.03621649742126465,0.0021144171117846895,first,0.042888112260625735,l2,liblinear,"{'columntransformer__cat-preprocessor__drop': 'first', 'logisticregression__C': 0.042888112260625735, 'logisticregression__penalty': 'l2', 'logisticregression__solver': 'liblinear'}",0.845639415859151,0.8512148512148512,0.8486213486213486,0.8461643461643462,0.8467103467103467,0.8476700617140087,0.0020387365782738795,96
166,0.527316665649414,0.012375456109346884,0.037057352066040036,0.0018576456281983289,first,0.26807339807767894,l2,lbfgs,"{'columntransformer__cat-preprocessor__drop': 'first', 'logisticregression__C': 0.26807339807767894, 'logisticregression__penalty': 'l2', 'logisticregression__solver': 'lbfgs'}",0.845775897365907,0.855036855036855,0.8508053508053508,0.8480753480753481,0.8483483483483484,0.8496083599263619,0.0031472804170710853,38
167,0.1965935230255127,0.004256600029512881,0.03789916038513184,0.008687076486491117,,0.00352139526935587,l2,liblinear,"{'columntransformer__cat-preprocessor__drop': None, 'logisticregression__C': 0.00352139526935587, 'logisticregression__penalty': 'l2', 'logisticregression__solver': 'liblinear'}",0.8373140439470452,0.8441168441168441,0.8441168441168441,0.8383838383838383,0.840977340977341,0.8409817823083825,0.002823432738121132,117
168,0.5440900802612305,0.03588916843736619,0.04572992324829102,0.019313482571785247,first,0.928993412708763,l2,lbfgs,"{'columntransformer__cat-preprocessor__drop': 'first', 'logisticregression__C': 0.928993412708763, 'logisticregression__penalty': 'l2', 'logisticregression__solver': 'lbfgs'}",0.845775897365907,0.8549003549003549,0.8503958503958504,0.8478023478023478,0.8493038493038493,0.8496356599536619,0.003054956673193488,32
169,0.2908941745758057,0.020803825485205714,0.0435828685760498,0.015715658981004837,first,0.24805803388024147,l2,liblinear,"{'columntransformer__cat-preprocessor__drop': 'first', 'logisticregression__C': 0.24805803388024147, 'logisticregression__penalty': 'l2', 'logisticregression__solver': 'liblinear'}",0.8460488603794186,0.855036855036855,0.8505323505323505,0.8482118482118483,0.8487578487578488,0.8497175525836642,0.003020144164234148,19
170,0.08453636169433594,0.004032476877252264,0.0,0.0,,0.034405092824383046,l1,lbfgs,"{'columntransformer__cat-preprocessor__drop': None, 'logisticregression__C': 0.034405092824383046, 'logisticregression__penalty': 'l1', 'logisticregression__solver': 'lbfgs'}",,,,,,,,197
171,0.3608068943023682,0.04802667114743705,0.032386493682861325,0.0008138894081450907,,0.21956984691801967,l2,liblinear,"{'columntransformer__cat-preprocessor__drop': None, 'logisticregression__C': 0.21956984691801967, 'logisticregression__penalty': 'l2', 'logisticregression__solver': 'liblinear'}",0.8452299713388836,0.8542178542178542,0.8505323505323505,0.8476658476658476,0.8497133497133497,0.849471874693657,0.0029987570268397504,66
172,0.10196294784545898,0.010301179353919344,0.0,0.0,first,0.015845393139059794,l1,lbfgs,"{'columntransformer__cat-preprocessor__drop': 'first', 'logisticregression__C': 0.015845393139059794, 'logisticregression__penalty': 'l1', 'logisticregression__solver': 'lbfgs'}",,,,,,,,176
173,0.17247390747070312,0.003393348552752965,0.03437705039978027,0.0006748950965195913,first,0.001137778719946236,l2,liblinear,"{'columntransformer__cat-preprocessor__drop': 'first', 'logisticregression__C': 0.001137778719946236, 'logisticregression__penalty': 'l2', 'logisticregression__solver': 'liblinear'}",0.8227105227241709,0.8203658203658204,0.8240513240513241,0.821048321048321,0.8209118209118209,0.8218175618202913,0.001364311114798489,140
174,1.1811479568481444,0.10435863539659188,0.035523176193237305,0.0014864552809549642,first,0.16635023289374615,l1,liblinear,"{'columntransformer__cat-preprocessor__drop': 'first', 'logisticregression__C': 0.16635023289374615, 'logisticregression__penalty': 'l1', 'logisticregression__solver': 'liblinear'}",0.8448205268186161,0.8540813540813541,0.8505323505323505,0.8473928473928474,0.8483483483483484,0.8490350854347032,0.0031189000614682293,80
175,0.24307003021240234,0.013541450317043909,0.036079120635986325,0.0011696604906807674,first,0.015557620292353339,l2,liblinear,"{'columntransformer__cat-preprocessor__drop': 'first', 'logisticregression__C': 0.015557620292353339, 'logisticregression__penalty': 'l2', 'logisticregression__solver': 'liblinear'}",0.8430462672307902,0.8506688506688507,0.8467103467103467,0.8443898443898444,0.8457548457548457,0.8461140309509355,0.0025928741848692794,105
176,1.5614155769348144,0.07516860536659638,0.036087846755981444,0.0005025716748705704,first,7.524502476860267,l1,liblinear,"{'columntransformer__cat-preprocessor__drop': 'first', 'logisticregression__C': 7.524502476860267, 'logisticregression__penalty': 'l1', 'logisticregression__solver': 'liblinear'}",0.8461853418861744,0.8544908544908545,0.8502593502593503,0.8479388479388479,0.8487578487578488,0.8495264486666152,0.002809152411003891,58
177,1.6110365390777588,0.08097445298192874,0.041765451431274414,0.010477649483060044,first,3.444262316780887,l1,liblinear,"{'columntransformer__cat-preprocessor__drop': 'first', 'logisticregression__C': 3.444262316780887, 'logisticregression__penalty': 'l1', 'logisticregression__solver': 'liblinear'}",0.8460488603794186,0.8547638547638547,0.8503958503958504,0.8478023478023478,0.8491673491673492,0.8496356525017641,0.0029435268350035708,34
178,0.5317859172821044,0.0439821809304108,0.03934483528137207,0.011648486995731719,,2.7272818816933104,l2,liblinear,"{'columntransformer__cat-preprocessor__drop': None, 'logisticregression__C': 2.7272818816933104, 'logisticregression__penalty': 'l2', 'logisticregression__solver': 'liblinear'}",0.8461853418861744,0.8544908544908545,0.8506688506688507,0.8479388479388479,0.8491673491673492,0.8496902488304153,0.002815268303151068,24
179,0.5729269504547119,0.02477971049496473,0.03584523200988769,0.0006266673211951933,first,0.2875543274794646,l2,lbfgs,"{'columntransformer__cat-preprocessor__drop': 'first', 'logisticregression__C': 0.2875543274794646, 'logisticregression__penalty': 'l2', 'logisticregression__solver': 'lbfgs'}",0.845775897365907,0.8549003549003549,0.8506688506688507,0.8482118482118483,0.8482118482118483,0.8495537598717618,0.003088792799936444,47
180,0.24334707260131835,0.009817297306794152,0.03318390846252441,0.0005825498816952907,,0.0352702973010079,l2,liblinear,"{'columntransformer__cat-preprocessor__drop': None, 'logisticregression__C': 0.0352702973010079, 'logisticregression__penalty': 'l2', 'logisticregression__solver': 'liblinear'}",0.845775897365907,0.8528528528528528,0.8505323505323505,0.8473928473928474,0.849030849030849,0.8491169594349615,0.0024536872120605063,78
181,5.517314481735229,2.458171964442893,0.03387894630432129,0.0006445737115485644,,1.7443306004266097,l1,liblinear,"{'columntransformer__cat-preprocessor__drop': None, 'logisticregression__C': 1.7443306004266097, 'logisticregression__penalty': 'l1', 'logisticregression__solver': 'liblinear'}",0.8465947864064419,0.8553098553098553,0.84998634998635,0.8478023478023478,0.8493038493038493,0.8497994377617688,0.002996778412522317,10
182,0.38649563789367675,0.05976512192500995,0.03533010482788086,0.0005358164936303035,first,0.022051069771630134,l2,lbfgs,"{'columntransformer__cat-preprocessor__drop': 'first', 'logisticregression__C': 0.022051069771630134, 'logisticregression__penalty': 'l2', 'logisticregression__solver': 'lbfgs'}",0.8444110822983486,0.8495768495768495,0.8473928473928474,0.8454818454818455,0.8472563472563472,0.8468237944012478,0.0017726952740599253,101
183,7.719845247268677,0.7520728831185981,0.043548059463500974,0.011515765784869037,,0.6933615839596243,l1,liblinear,"{'columntransformer__cat-preprocessor__drop': None, 'logisticregression__C': 0.6933615839596243, 'logisticregression__penalty': 'l1', 'logisticregression__solver': 'liblinear'}",0.845639415859151,0.8551733551733551,0.8502593502593503,0.8468468468468469,0.8493038493038493,0.8494445634885105,0.0033084743421595885,70
184,0.5967247009277343,0.049525578488539064,0.03668675422668457,0.0009852146293422453,first,0.4479570135830333,l2,lbfgs,"{'columntransformer__cat-preprocessor__drop': 'first', 'logisticregression__C': 0.4479570135830333, 'logisticregression__penalty': 'l2', 'logisticregression__solver': 'lbfgs'}",0.8459123788726628,0.8546273546273546,0.8502593502593503,0.8476658476658476,0.8491673491673492,0.849526456118513,0.0029396828187630212,55
185,0.4279776096343994,0.025324687004091493,0.04642844200134277,0.019187790455316364,first,0.024555156062040562,l1,liblinear,"{'columntransformer__cat-preprocessor__drop': 'first', 'logisticregression__C': 0.024555156062040562, 'logisticregression__penalty': 'l1', 'logisticregression__solver': 'liblinear'}",0.8433192302443019,0.8510783510783511,0.8473928473928474,0.8439803439803439,0.8439803439803439,0.8459502233352376,0.002934683366617544,107
186,0.09237213134765625,0.013641629299852362,0.0,0.0,,7.758690404616622,l1,lbfgs,"{'columntransformer__cat-preprocessor__drop': None, 'logisticregression__C': 7.758690404616622, 'logisticregression__penalty': 'l1', 'logisticregression__solver': 'lbfgs'}",,,,,,,,162
187,0.48435163497924805,0.01976724279208597,0.036251401901245116,0.007138594783841643,,0.024027349461689954,l2,lbfgs,"{'columntransformer__cat-preprocessor__drop': None, 'logisticregression__C': 0.024027349461689954, 'logisticregression__penalty': 'l2', 'logisticregression__solver': 'lbfgs'}",0.845775897365907,0.8517608517608518,0.8497133497133497,0.8479388479388479,0.8476658476658476,0.848570958888961,0.002025420096024675,89
188,0.0905904769897461,0.004553951512882785,0.0,0.0,,7.0537455329322345,l1,lbfgs,"{'columntransformer__cat-preprocessor__drop': None, 'logisticregression__C': 7.0537455329322345, 'logisticregression__penalty': 'l1', 'logisticregression__solver': 'lbfgs'}",,,,,,,,163
189,0.43050346374511717,0.014791582297244492,0.03288412094116211,0.0006920280195428681,,0.04325287935257272,l2,lbfgs,"{'columntransformer__cat-preprocessor__drop': None, 'logisticregression__C': 0.04325287935257272, 'logisticregression__penalty': 'l2', 'logisticregression__solver': 'lbfgs'}",0.8470042309267094,0.8538083538083538,0.8512148512148512,0.8487578487578488,0.849030849030849,0.8499632267477224,0.002342199244013279,1
190,0.5401987075805664,0.02203123400612659,0.03385601043701172,0.0010293404179970412,,8.161886100799862,l2,lbfgs,"{'columntransformer__cat-preprocessor__drop': None, 'logisticregression__C': 8.161886100799862, 'logisticregression__penalty': 'l2', 'logisticregression__solver': 'lbfgs'}",0.8460488603794186,0.8544908544908545,0.8505323505323505,0.8476658476658476,0.8488943488943489,0.849526452392564,0.002884862917109396,57
191,0.27151880264282224,0.012498842166897502,0.03523001670837402,0.005508162831720361,,0.006414293222523912,l1,liblinear,"{'columntransformer__cat-preprocessor__drop': None, 'logisticregression__C': 0.006414293222523912, 'logisticregression__penalty': 'l1', 'logisticregression__solver': 'liblinear'}",0.8311723761430326,0.837974337974338,0.8381108381108381,0.8316953316953317,0.8353808353808354,0.8348667438608752,0.0029715917191283233,133
192,0.5272407531738281,0.018763418018482872,0.03748044967651367,0.004769438813941374,first,0.49636442542569675,l2,lbfgs,"{'columntransformer__cat-preprocessor__drop': 'first', 'logisticregression__C': 0.49636442542569675, 'logisticregression__penalty': 'l2', 'logisticregression__solver': 'lbfgs'}",0.8463218233929303,0.8546273546273546,0.8501228501228502,0.8479388479388479,0.849030849030849,0.8496083450225663,0.00280631856588787,41
193,0.20763087272644043,0.010636618800821784,0.038333463668823245,0.004734199781141706,first,0.004595817533836396,l2,liblinear,"{'columntransformer__cat-preprocessor__drop': 'first', 'logisticregression__C': 0.004595817533836396, 'logisticregression__penalty': 'l2', 'logisticregression__solver': 'liblinear'}",0.8362221918929985,0.8439803439803439,0.8428883428883429,0.8382473382473382,0.8385203385203385,0.8399717111058724,0.0029568468658965176,119
194,0.4144247531890869,0.060356857048516545,0.042906665802001955,0.010545108409072284,first,0.9921786543383897,l2,liblinear,"{'columntransformer__cat-preprocessor__drop': 'first', 'logisticregression__C': 0.9921786543383897, 'logisticregression__penalty': 'l2', 'logisticregression__solver': 'liblinear'}",0.8465947864064419,0.8553098553098553,0.8505323505323505,0.8480753480753481,0.8483483483483484,0.8497721377344689,0.003041252119369569,13
195,0.09332408905029296,0.009707067690803749,0.0,0.0,,0.001966627348527329,l1,lbfgs,"{'columntransformer__cat-preprocessor__drop': None, 'logisticregression__C': 0.001966627348527329, 'logisticregression__penalty': 'l1', 'logisticregression__solver': 'lbfgs'}",,,,,,,,170
196,0.08751101493835449,0.0068653269698706245,0.0,0.0,,6.207190034480291,l1,lbfgs,"{'columntransformer__cat-preprocessor__drop': None, 'logisticregression__C': 6.207190034480291, 'logisticregression__penalty': 'l1', 'logisticregression__solver': 'lbfgs'}",,,,,,,,171
197,0.10760927200317383,0.01917313044675845,0.0,0.0,first,4.900036516698344,l1,lbfgs,"{'columntransformer__cat-preprocessor__drop': 'first', 'logisticregression__C': 4.900036516698344, 'logisticregression__penalty': 'l1', 'logisticregression__solver': 'lbfgs'}",,,,,,,,172
198,0.3458052158355713,0.044826896896031795,0.03281459808349609,0.0015230258002102294,,0.24208740149532737,l2,liblinear,"{'columntransformer__cat-preprocessor__drop': None, 'logisticregression__C': 0.24208740149532737, 'logisticregression__penalty': 'l2', 'logisticregression__solver': 'liblinear'}",0.8450934898321277,0.8542178542178542,0.8508053508053508,0.8475293475293475,0.8498498498498499,0.8494991784469061,0.003078482863629357,60
199,0.5099176406860352,0.03642263850403543,0.033534812927246097,0.0008406366515865775,first,2.443873624596146,l2,lbfgs,"{'columntransformer__cat-preprocessor__drop': 'first', 'logisticregression__C': 2.443873624596146, 'logisticregression__penalty': 'l2', 'logisticregression__solver': 'lbfgs'}",0.8461853418861744,0.8549003549003549,0.8503958503958504,0.8480753480753481,0.8495768495768495,0.8498267489669156,0.0029139339017917485,9
